prime_mover,cls,formula,variable,coefficient,category,variable_type
CC,1,real_opex ~ 0 + capacity_adj + age_variable_adj + age_obs_variable_adj + pollution_variable_adj + starts_adj + oil_age_fixed_adj + duct_burners_fixed_adj,capacity_adj,9734.659585665302,fixed,core
CC,1,real_opex ~ 0 + capacity_adj + age_variable_adj + age_obs_variable_adj + pollution_variable_adj + starts_adj + oil_age_fixed_adj + duct_burners_fixed_adj,age_variable_adj,-8.89660665078942e-6,variable,core
CC,1,real_opex ~ 0 + capacity_adj + age_variable_adj + age_obs_variable_adj + pollution_variable_adj + starts_adj + oil_age_fixed_adj + duct_burners_fixed_adj,age_obs_variable_adj,0.10126444290253933,variable,core
CC,1,real_opex ~ 0 + capacity_adj + age_variable_adj + age_obs_variable_adj + pollution_variable_adj + starts_adj + oil_age_fixed_adj + duct_burners_fixed_adj,pollution_variable_adj,-0.012130935780276334,variable,core
CC,1,real_opex ~ 0 + capacity_adj + age_variable_adj + age_obs_variable_adj + pollution_variable_adj + starts_adj + oil_age_fixed_adj + duct_burners_fixed_adj,starts_adj,-4.445015613485156,start,core
CC,1,real_opex ~ 0 + capacity_adj + age_variable_adj + age_obs_variable_adj + pollution_variable_adj + starts_adj + oil_age_fixed_adj + duct_burners_fixed_adj,oil_age_fixed_adj,187612.4939549305,fixed,optional
CC,1,real_opex ~ 0 + capacity_adj + age_variable_adj + age_obs_variable_adj + pollution_variable_adj + starts_adj + oil_age_fixed_adj + duct_burners_fixed_adj,duct_burners_fixed_adj,6387.102271804859,fixed,optional
CC,2,real_opex ~ 0 + capacity_adj + age_variable_adj + age_obs_variable_adj + pollution_variable_adj + starts_adj,capacity_adj,21851.94235518698,fixed,core
CC,2,real_opex ~ 0 + capacity_adj + age_variable_adj + age_obs_variable_adj + pollution_variable_adj + starts_adj,age_variable_adj,-0.10863536820830566,variable,core
CC,2,real_opex ~ 0 + capacity_adj + age_variable_adj + age_obs_variable_adj + pollution_variable_adj + starts_adj,age_obs_variable_adj,-0.3335988903824883,variable,core
CC,2,real_opex ~ 0 + capacity_adj + age_variable_adj + age_obs_variable_adj + pollution_variable_adj + starts_adj,pollution_variable_adj,0.010719557850963773,variable,core
CC,2,real_opex ~ 0 + capacity_adj + age_variable_adj + age_obs_variable_adj + pollution_variable_adj + starts_adj,starts_adj,-4.976454247499222,start,core
CC,3,real_opex ~ 0 + capacity_adj + age_variable_adj + age_obs_variable_adj + pollution_variable_adj + starts_adj + gen_adj,capacity_adj,19881.452802963333,fixed,core
CC,3,real_opex ~ 0 + capacity_adj + age_variable_adj + age_obs_variable_adj + pollution_variable_adj + starts_adj + gen_adj,age_variable_adj,-0.08479248930623304,variable,core
CC,3,real_opex ~ 0 + capacity_adj + age_variable_adj + age_obs_variable_adj + pollution_variable_adj + starts_adj + gen_adj,age_obs_variable_adj,0.037002693309243426,variable,core
CC,3,real_opex ~ 0 + capacity_adj + age_variable_adj + age_obs_variable_adj + pollution_variable_adj + starts_adj + gen_adj,pollution_variable_adj,-0.03193360646157472,variable,core
CC,3,real_opex ~ 0 + capacity_adj + age_variable_adj + age_obs_variable_adj + pollution_variable_adj + starts_adj + gen_adj,starts_adj,-0.48112442164677693,start,core
CC,3,real_opex ~ 0 + capacity_adj + age_variable_adj + age_obs_variable_adj + pollution_variable_adj + starts_adj + gen_adj,gen_adj,-0.6907544156093208,variable,optional
CC,4,real_opex ~ 0 + capacity_adj + age_variable_adj + age_obs_variable_adj + pollution_variable_adj + starts_adj + age_fixed_adj + duct_burners_fixed_adj + oil_starts_adj,capacity_adj,16148.286324106548,fixed,core
CC,4,real_opex ~ 0 + capacity_adj + age_variable_adj + age_obs_variable_adj + pollution_variable_adj + starts_adj + age_fixed_adj + duct_burners_fixed_adj + oil_starts_adj,age_variable_adj,0.05974878946593502,variable,core
CC,4,real_opex ~ 0 + capacity_adj + age_variable_adj + age_obs_variable_adj + pollution_variable_adj + starts_adj + age_fixed_adj + duct_burners_fixed_adj + oil_starts_adj,age_obs_variable_adj,0.10586293571898933,variable,core
CC,4,real_opex ~ 0 + capacity_adj + age_variable_adj + age_obs_variable_adj + pollution_variable_adj + starts_adj + age_fixed_adj + duct_burners_fixed_adj + oil_starts_adj,pollution_variable_adj,-0.019046003239799353,variable,core
CC,4,real_opex ~ 0 + capacity_adj + age_variable_adj + age_obs_variable_adj + pollution_variable_adj + starts_adj + age_fixed_adj + duct_burners_fixed_adj + oil_starts_adj,starts_adj,-9.049347918505966,start,core
CC,4,real_opex ~ 0 + capacity_adj + age_variable_adj + age_obs_variable_adj + pollution_variable_adj + starts_adj + age_fixed_adj + duct_burners_fixed_adj + oil_starts_adj,age_fixed_adj,-421.7271376755721,fixed,optional
CC,4,real_opex ~ 0 + capacity_adj + age_variable_adj + age_obs_variable_adj + pollution_variable_adj + starts_adj + age_fixed_adj + duct_burners_fixed_adj + oil_starts_adj,duct_burners_fixed_adj,6963.288522671359,fixed,optional
CC,4,real_opex ~ 0 + capacity_adj + age_variable_adj + age_obs_variable_adj + pollution_variable_adj + starts_adj + age_fixed_adj + duct_burners_fixed_adj + oil_starts_adj,oil_starts_adj,745.1594341266912,start,optional
GT,1,real_opex ~ 0 + capacity_adj + age_fixed_adj + age_obs_fixed_adj + gen_adj + age_variable_adj + age_obs_variable_adj + starts_adj + oil_fixed_adj + oil_age_fixed_adj + oil_starts_adj,capacity_adj,5232.06183743644,fixed,core
GT,1,real_opex ~ 0 + capacity_adj + age_fixed_adj + age_obs_fixed_adj + gen_adj + age_variable_adj + age_obs_variable_adj + starts_adj + oil_fixed_adj + oil_age_fixed_adj + oil_starts_adj,age_fixed_adj,144.44349583670828,fixed,core
GT,1,real_opex ~ 0 + capacity_adj + age_fixed_adj + age_obs_fixed_adj + gen_adj + age_variable_adj + age_obs_variable_adj + starts_adj + oil_fixed_adj + oil_age_fixed_adj + oil_starts_adj,age_obs_fixed_adj,13.824810288905185,fixed,core
GT,1,real_opex ~ 0 + capacity_adj + age_fixed_adj + age_obs_fixed_adj + gen_adj + age_variable_adj + age_obs_variable_adj + starts_adj + oil_fixed_adj + oil_age_fixed_adj + oil_starts_adj,gen_adj,0.58762410157474,variable,core
GT,1,real_opex ~ 0 + capacity_adj + age_fixed_adj + age_obs_fixed_adj + gen_adj + age_variable_adj + age_obs_variable_adj + starts_adj + oil_fixed_adj + oil_age_fixed_adj + oil_starts_adj,age_variable_adj,-0.1892851551637301,variable,core
GT,1,real_opex ~ 0 + capacity_adj + age_fixed_adj + age_obs_fixed_adj + gen_adj + age_variable_adj + age_obs_variable_adj + starts_adj + oil_fixed_adj + oil_age_fixed_adj + oil_starts_adj,age_obs_variable_adj,-0.1840754894158844,variable,core
GT,1,real_opex ~ 0 + capacity_adj + age_fixed_adj + age_obs_fixed_adj + gen_adj + age_variable_adj + age_obs_variable_adj + starts_adj + oil_fixed_adj + oil_age_fixed_adj + oil_starts_adj,starts_adj,0.1894635822087168,start,core
GT,1,real_opex ~ 0 + capacity_adj + age_fixed_adj + age_obs_fixed_adj + gen_adj + age_variable_adj + age_obs_variable_adj + starts_adj + oil_fixed_adj + oil_age_fixed_adj + oil_starts_adj,oil_fixed_adj,-3997.4094781888834,fixed,optional
GT,1,real_opex ~ 0 + capacity_adj + age_fixed_adj + age_obs_fixed_adj + gen_adj + age_variable_adj + age_obs_variable_adj + starts_adj + oil_fixed_adj + oil_age_fixed_adj + oil_starts_adj,oil_age_fixed_adj,-401.1006958975712,fixed,optional
GT,1,real_opex ~ 0 + capacity_adj + age_fixed_adj + age_obs_fixed_adj + gen_adj + age_variable_adj + age_obs_variable_adj + starts_adj + oil_fixed_adj + oil_age_fixed_adj + oil_starts_adj,oil_starts_adj,4.796980346458928,start,optional
GT,2,real_opex ~ 0 + capacity_adj + age_fixed_adj + age_obs_fixed_adj + gen_adj + age_variable_adj + age_obs_variable_adj + starts_adj + oil_fixed_adj + oil_variable_adj,capacity_adj,3542.8459093227057,fixed,core
GT,2,real_opex ~ 0 + capacity_adj + age_fixed_adj + age_obs_fixed_adj + gen_adj + age_variable_adj + age_obs_variable_adj + starts_adj + oil_fixed_adj + oil_variable_adj,age_fixed_adj,35.90304662937105,fixed,core
GT,2,real_opex ~ 0 + capacity_adj + age_fixed_adj + age_obs_fixed_adj + gen_adj + age_variable_adj + age_obs_variable_adj + starts_adj + oil_fixed_adj + oil_variable_adj,age_obs_fixed_adj,-28.90742980461109,fixed,core
GT,2,real_opex ~ 0 + capacity_adj + age_fixed_adj + age_obs_fixed_adj + gen_adj + age_variable_adj + age_obs_variable_adj + starts_adj + oil_fixed_adj + oil_variable_adj,gen_adj,-1.6403018256566269,variable,core
GT,2,real_opex ~ 0 + capacity_adj + age_fixed_adj + age_obs_fixed_adj + gen_adj + age_variable_adj + age_obs_variable_adj + starts_adj + oil_fixed_adj + oil_variable_adj,age_variable_adj,-0.35275725819564846,variable,core
GT,2,real_opex ~ 0 + capacity_adj + age_fixed_adj + age_obs_fixed_adj + gen_adj + age_variable_adj + age_obs_variable_adj + starts_adj + oil_fixed_adj + oil_variable_adj,age_obs_variable_adj,0.2507368821675716,variable,core
GT,2,real_opex ~ 0 + capacity_adj + age_fixed_adj + age_obs_fixed_adj + gen_adj + age_variable_adj + age_obs_variable_adj + starts_adj + oil_fixed_adj + oil_variable_adj,starts_adj,3.9159578470066965,start,core
GT,2,real_opex ~ 0 + capacity_adj + age_fixed_adj + age_obs_fixed_adj + gen_adj + age_variable_adj + age_obs_variable_adj + starts_adj + oil_fixed_adj + oil_variable_adj,oil_fixed_adj,12512.31472808265,fixed,optional
GT,2,real_opex ~ 0 + capacity_adj + age_fixed_adj + age_obs_fixed_adj + gen_adj + age_variable_adj + age_obs_variable_adj + starts_adj + oil_fixed_adj + oil_variable_adj,oil_variable_adj,-15.283776769850846,variable,optional
GT,3,real_opex ~ 0 + capacity_adj + age_fixed_adj + age_obs_fixed_adj + gen_adj + age_variable_adj + age_obs_variable_adj + starts_adj + oil_fixed_adj + oil_starts_adj,capacity_adj,3007.764342050377,fixed,core
GT,3,real_opex ~ 0 + capacity_adj + age_fixed_adj + age_obs_fixed_adj + gen_adj + age_variable_adj + age_obs_variable_adj + starts_adj + oil_fixed_adj + oil_starts_adj,age_fixed_adj,75.56521376327187,fixed,core
GT,3,real_opex ~ 0 + capacity_adj + age_fixed_adj + age_obs_fixed_adj + gen_adj + age_variable_adj + age_obs_variable_adj + starts_adj + oil_fixed_adj + oil_starts_adj,age_obs_fixed_adj,185.97228955497948,fixed,core
GT,3,real_opex ~ 0 + capacity_adj + age_fixed_adj + age_obs_fixed_adj + gen_adj + age_variable_adj + age_obs_variable_adj + starts_adj + oil_fixed_adj + oil_starts_adj,gen_adj,3.118749052607359,variable,core
GT,3,real_opex ~ 0 + capacity_adj + age_fixed_adj + age_obs_fixed_adj + gen_adj + age_variable_adj + age_obs_variable_adj + starts_adj + oil_fixed_adj + oil_starts_adj,age_variable_adj,-0.5655807623914634,variable,core
GT,3,real_opex ~ 0 + capacity_adj + age_fixed_adj + age_obs_fixed_adj + gen_adj + age_variable_adj + age_obs_variable_adj + starts_adj + oil_fixed_adj + oil_starts_adj,age_obs_variable_adj,-0.04411049999159161,variable,core
GT,3,real_opex ~ 0 + capacity_adj + age_fixed_adj + age_obs_fixed_adj + gen_adj + age_variable_adj + age_obs_variable_adj + starts_adj + oil_fixed_adj + oil_starts_adj,starts_adj,6.686071867731752,start,core
GT,3,real_opex ~ 0 + capacity_adj + age_fixed_adj + age_obs_fixed_adj + gen_adj + age_variable_adj + age_obs_variable_adj + starts_adj + oil_fixed_adj + oil_starts_adj,oil_fixed_adj,1614.2225328673428,fixed,optional
GT,3,real_opex ~ 0 + capacity_adj + age_fixed_adj + age_obs_fixed_adj + gen_adj + age_variable_adj + age_obs_variable_adj + starts_adj + oil_fixed_adj + oil_starts_adj,oil_starts_adj,-6.249914105597043,start,optional
ST,1,real_opex ~ 0 + capacity_adj + age_fixed_adj + pollution_fixed_adj + gen_adj + age_variable_adj + age_obs_variable_adj + pollution_variable_adj + starts_adj + gas_fixed_adj + oil_fixed_adj + pulverized_coal_fixed_adj + gas_age_variable_adj + gas_starts_adj,capacity_adj,43077.0947918961,fixed,core
ST,1,real_opex ~ 0 + capacity_adj + age_fixed_adj + pollution_fixed_adj + gen_adj + age_variable_adj + age_obs_variable_adj + pollution_variable_adj + starts_adj + gas_fixed_adj + oil_fixed_adj + pulverized_coal_fixed_adj + gas_age_variable_adj + gas_starts_adj,age_fixed_adj,441.8998785441047,fixed,core
ST,1,real_opex ~ 0 + capacity_adj + age_fixed_adj + pollution_fixed_adj + gen_adj + age_variable_adj + age_obs_variable_adj + pollution_variable_adj + starts_adj + gas_fixed_adj + oil_fixed_adj + pulverized_coal_fixed_adj + gas_age_variable_adj + gas_starts_adj,pollution_fixed_adj,0.995436649716919,fixed,core
ST,1,real_opex ~ 0 + capacity_adj + age_fixed_adj + pollution_fixed_adj + gen_adj + age_variable_adj + age_obs_variable_adj + pollution_variable_adj + starts_adj + gas_fixed_adj + oil_fixed_adj + pulverized_coal_fixed_adj + gas_age_variable_adj + gas_starts_adj,gen_adj,-0.8191678316425609,variable,core
ST,1,real_opex ~ 0 + capacity_adj + age_fixed_adj + pollution_fixed_adj + gen_adj + age_variable_adj + age_obs_variable_adj + pollution_variable_adj + starts_adj + gas_fixed_adj + oil_fixed_adj + pulverized_coal_fixed_adj + gas_age_variable_adj + gas_starts_adj,age_variable_adj,-0.6604552902820954,variable,core
ST,1,real_opex ~ 0 + capacity_adj + age_fixed_adj + pollution_fixed_adj + gen_adj + age_variable_adj + age_obs_variable_adj + pollution_variable_adj + starts_adj + gas_fixed_adj + oil_fixed_adj + pulverized_coal_fixed_adj + gas_age_variable_adj + gas_starts_adj,age_obs_variable_adj,0.22206018300384314,variable,core
ST,1,real_opex ~ 0 + capacity_adj + age_fixed_adj + pollution_fixed_adj + gen_adj + age_variable_adj + age_obs_variable_adj + pollution_variable_adj + starts_adj + gas_fixed_adj + oil_fixed_adj + pulverized_coal_fixed_adj + gas_age_variable_adj + gas_starts_adj,pollution_variable_adj,-6.4191788970652e-4,variable,core
ST,1,real_opex ~ 0 + capacity_adj + age_fixed_adj + pollution_fixed_adj + gen_adj + age_variable_adj + age_obs_variable_adj + pollution_variable_adj + starts_adj + gas_fixed_adj + oil_fixed_adj + pulverized_coal_fixed_adj + gas_age_variable_adj + gas_starts_adj,starts_adj,32.24620368242693,start,core
ST,1,real_opex ~ 0 + capacity_adj + age_fixed_adj + pollution_fixed_adj + gen_adj + age_variable_adj + age_obs_variable_adj + pollution_variable_adj + starts_adj + gas_fixed_adj + oil_fixed_adj + pulverized_coal_fixed_adj + gas_age_variable_adj + gas_starts_adj,gas_fixed_adj,-30706.19364390811,fixed,optional
ST,1,real_opex ~ 0 + capacity_adj + age_fixed_adj + pollution_fixed_adj + gen_adj + age_variable_adj + age_obs_variable_adj + pollution_variable_adj + starts_adj + gas_fixed_adj + oil_fixed_adj + pulverized_coal_fixed_adj + gas_age_variable_adj + gas_starts_adj,oil_fixed_adj,-30760.42916892484,fixed,optional
ST,1,real_opex ~ 0 + capacity_adj + age_fixed_adj + pollution_fixed_adj + gen_adj + age_variable_adj + age_obs_variable_adj + pollution_variable_adj + starts_adj + gas_fixed_adj + oil_fixed_adj + pulverized_coal_fixed_adj + gas_age_variable_adj + gas_starts_adj,pulverized_coal_fixed_adj,11406.135117986965,fixed,optional
ST,1,real_opex ~ 0 + capacity_adj + age_fixed_adj + pollution_fixed_adj + gen_adj + age_variable_adj + age_obs_variable_adj + pollution_variable_adj + starts_adj + gas_fixed_adj + oil_fixed_adj + pulverized_coal_fixed_adj + gas_age_variable_adj + gas_starts_adj,gas_age_variable_adj,0.7788005957837343,variable,optional
ST,1,real_opex ~ 0 + capacity_adj + age_fixed_adj + pollution_fixed_adj + gen_adj + age_variable_adj + age_obs_variable_adj + pollution_variable_adj + starts_adj + gas_fixed_adj + oil_fixed_adj + pulverized_coal_fixed_adj + gas_age_variable_adj + gas_starts_adj,gas_starts_adj,-52.42557413465929,start,optional
ST,2,real_opex ~ 0 + capacity_adj + age_fixed_adj + pollution_fixed_adj + gen_adj + age_variable_adj + age_obs_variable_adj + pollution_variable_adj + starts_adj + gas_fixed_adj + oil_fixed_adj + gas_age_fixed_adj + pulverized_coal_fixed_adj + gas_age_variable_adj + CHP_variable_adj + fluidized_bed_variable_adj + gas_starts_adj,capacity_adj,37333.257241608786,fixed,core
ST,2,real_opex ~ 0 + capacity_adj + age_fixed_adj + pollution_fixed_adj + gen_adj + age_variable_adj + age_obs_variable_adj + pollution_variable_adj + starts_adj + gas_fixed_adj + oil_fixed_adj + gas_age_fixed_adj + pulverized_coal_fixed_adj + gas_age_variable_adj + CHP_variable_adj + fluidized_bed_variable_adj + gas_starts_adj,age_fixed_adj,176.3172907632606,fixed,core
ST,2,real_opex ~ 0 + capacity_adj + age_fixed_adj + pollution_fixed_adj + gen_adj + age_variable_adj + age_obs_variable_adj + pollution_variable_adj + starts_adj + gas_fixed_adj + oil_fixed_adj + gas_age_fixed_adj + pulverized_coal_fixed_adj + gas_age_variable_adj + CHP_variable_adj + fluidized_bed_variable_adj + gas_starts_adj,pollution_fixed_adj,-62.58690577816061,fixed,core
ST,2,real_opex ~ 0 + capacity_adj + age_fixed_adj + pollution_fixed_adj + gen_adj + age_variable_adj + age_obs_variable_adj + pollution_variable_adj + starts_adj + gas_fixed_adj + oil_fixed_adj + gas_age_fixed_adj + pulverized_coal_fixed_adj + gas_age_variable_adj + CHP_variable_adj + fluidized_bed_variable_adj + gas_starts_adj,gen_adj,1.428921131062066,variable,core
ST,2,real_opex ~ 0 + capacity_adj + age_fixed_adj + pollution_fixed_adj + gen_adj + age_variable_adj + age_obs_variable_adj + pollution_variable_adj + starts_adj + gas_fixed_adj + oil_fixed_adj + gas_age_fixed_adj + pulverized_coal_fixed_adj + gas_age_variable_adj + CHP_variable_adj + fluidized_bed_variable_adj + gas_starts_adj,age_variable_adj,-0.05012949170004642,variable,core
ST,2,real_opex ~ 0 + capacity_adj + age_fixed_adj + pollution_fixed_adj + gen_adj + age_variable_adj + age_obs_variable_adj + pollution_variable_adj + starts_adj + gas_fixed_adj + oil_fixed_adj + gas_age_fixed_adj + pulverized_coal_fixed_adj + gas_age_variable_adj + CHP_variable_adj + fluidized_bed_variable_adj + gas_starts_adj,age_obs_variable_adj,0.017841994383032887,variable,core
ST,2,real_opex ~ 0 + capacity_adj + age_fixed_adj + pollution_fixed_adj + gen_adj + age_variable_adj + age_obs_variable_adj + pollution_variable_adj + starts_adj + gas_fixed_adj + oil_fixed_adj + gas_age_fixed_adj + pulverized_coal_fixed_adj + gas_age_variable_adj + CHP_variable_adj + fluidized_bed_variable_adj + gas_starts_adj,pollution_variable_adj,0.0098651208209537,variable,core
ST,2,real_opex ~ 0 + capacity_adj + age_fixed_adj + pollution_fixed_adj + gen_adj + age_variable_adj + age_obs_variable_adj + pollution_variable_adj + starts_adj + gas_fixed_adj + oil_fixed_adj + gas_age_fixed_adj + pulverized_coal_fixed_adj + gas_age_variable_adj + CHP_variable_adj + fluidized_bed_variable_adj + gas_starts_adj,starts_adj,52.23800661085968,start,core
ST,2,real_opex ~ 0 + capacity_adj + age_fixed_adj + pollution_fixed_adj + gen_adj + age_variable_adj + age_obs_variable_adj + pollution_variable_adj + starts_adj + gas_fixed_adj + oil_fixed_adj + gas_age_fixed_adj + pulverized_coal_fixed_adj + gas_age_variable_adj + CHP_variable_adj + fluidized_bed_variable_adj + gas_starts_adj,gas_fixed_adj,-12522.863774428664,fixed,optional
ST,2,real_opex ~ 0 + capacity_adj + age_fixed_adj + pollution_fixed_adj + gen_adj + age_variable_adj + age_obs_variable_adj + pollution_variable_adj + starts_adj + gas_fixed_adj + oil_fixed_adj + gas_age_fixed_adj + pulverized_coal_fixed_adj + gas_age_variable_adj + CHP_variable_adj + fluidized_bed_variable_adj + gas_starts_adj,oil_fixed_adj,-16777.390143432134,fixed,optional
ST,2,real_opex ~ 0 + capacity_adj + age_fixed_adj + pollution_fixed_adj + gen_adj + age_variable_adj + age_obs_variable_adj + pollution_variable_adj + starts_adj + gas_fixed_adj + oil_fixed_adj + gas_age_fixed_adj + pulverized_coal_fixed_adj + gas_age_variable_adj + CHP_variable_adj + fluidized_bed_variable_adj + gas_starts_adj,gas_age_fixed_adj,-378.2432854959216,fixed,optional
ST,2,real_opex ~ 0 + capacity_adj + age_fixed_adj + pollution_fixed_adj + gen_adj + age_variable_adj + age_obs_variable_adj + pollution_variable_adj + starts_adj + gas_fixed_adj + oil_fixed_adj + gas_age_fixed_adj + pulverized_coal_fixed_adj + gas_age_variable_adj + CHP_variable_adj + fluidized_bed_variable_adj + gas_starts_adj,pulverized_coal_fixed_adj,-3246.5522172059555,fixed,optional
ST,2,real_opex ~ 0 + capacity_adj + age_fixed_adj + pollution_fixed_adj + gen_adj + age_variable_adj + age_obs_variable_adj + pollution_variable_adj + starts_adj + gas_fixed_adj + oil_fixed_adj + gas_age_fixed_adj + pulverized_coal_fixed_adj + gas_age_variable_adj + CHP_variable_adj + fluidized_bed_variable_adj + gas_starts_adj,gas_age_variable_adj,0.8673344631425027,variable,optional
ST,2,real_opex ~ 0 + capacity_adj + age_fixed_adj + pollution_fixed_adj + gen_adj + age_variable_adj + age_obs_variable_adj + pollution_variable_adj + starts_adj + gas_fixed_adj + oil_fixed_adj + gas_age_fixed_adj + pulverized_coal_fixed_adj + gas_age_variable_adj + CHP_variable_adj + fluidized_bed_variable_adj + gas_starts_adj,CHP_variable_adj,-1.1301451889714709,variable,optional
ST,2,real_opex ~ 0 + capacity_adj + age_fixed_adj + pollution_fixed_adj + gen_adj + age_variable_adj + age_obs_variable_adj + pollution_variable_adj + starts_adj + gas_fixed_adj + oil_fixed_adj + gas_age_fixed_adj + pulverized_coal_fixed_adj + gas_age_variable_adj + CHP_variable_adj + fluidized_bed_variable_adj + gas_starts_adj,fluidized_bed_variable_adj,16.490514128259782,variable,optional
ST,2,real_opex ~ 0 + capacity_adj + age_fixed_adj + pollution_fixed_adj + gen_adj + age_variable_adj + age_obs_variable_adj + pollution_variable_adj + starts_adj + gas_fixed_adj + oil_fixed_adj + gas_age_fixed_adj + pulverized_coal_fixed_adj + gas_age_variable_adj + CHP_variable_adj + fluidized_bed_variable_adj + gas_starts_adj,gas_starts_adj,-162.7746364934983,start,optional
ST,3,real_opex ~ 0 + capacity_adj + age_fixed_adj + pollution_fixed_adj + gen_adj + age_variable_adj + age_obs_variable_adj + pollution_variable_adj + starts_adj + gas_fixed_adj + oil_fixed_adj + supercritical_fixed_adj + gas_age_variable_adj + CHP_variable_adj + supercritical_variable_adj + gas_starts_adj,capacity_adj,46597.96485493658,fixed,core
ST,3,real_opex ~ 0 + capacity_adj + age_fixed_adj + pollution_fixed_adj + gen_adj + age_variable_adj + age_obs_variable_adj + pollution_variable_adj + starts_adj + gas_fixed_adj + oil_fixed_adj + supercritical_fixed_adj + gas_age_variable_adj + CHP_variable_adj + supercritical_variable_adj + gas_starts_adj,age_fixed_adj,831.0539734648887,fixed,core
ST,3,real_opex ~ 0 + capacity_adj + age_fixed_adj + pollution_fixed_adj + gen_adj + age_variable_adj + age_obs_variable_adj + pollution_variable_adj + starts_adj + gas_fixed_adj + oil_fixed_adj + supercritical_fixed_adj + gas_age_variable_adj + CHP_variable_adj + supercritical_variable_adj + gas_starts_adj,pollution_fixed_adj,-63.087403399298175,fixed,core
ST,3,real_opex ~ 0 + capacity_adj + age_fixed_adj + pollution_fixed_adj + gen_adj + age_variable_adj + age_obs_variable_adj + pollution_variable_adj + starts_adj + gas_fixed_adj + oil_fixed_adj + supercritical_fixed_adj + gas_age_variable_adj + CHP_variable_adj + supercritical_variable_adj + gas_starts_adj,gen_adj,1.8534691771111276,variable,core
ST,3,real_opex ~ 0 + capacity_adj + age_fixed_adj + pollution_fixed_adj + gen_adj + age_variable_adj + age_obs_variable_adj + pollution_variable_adj + starts_adj + gas_fixed_adj + oil_fixed_adj + supercritical_fixed_adj + gas_age_variable_adj + CHP_variable_adj + supercritical_variable_adj + gas_starts_adj,age_variable_adj,-0.17877592698565198,variable,core
ST,3,real_opex ~ 0 + capacity_adj + age_fixed_adj + pollution_fixed_adj + gen_adj + age_variable_adj + age_obs_variable_adj + pollution_variable_adj + starts_adj + gas_fixed_adj + oil_fixed_adj + supercritical_fixed_adj + gas_age_variable_adj + CHP_variable_adj + supercritical_variable_adj + gas_starts_adj,age_obs_variable_adj,-0.24061422550302514,variable,core
ST,3,real_opex ~ 0 + capacity_adj + age_fixed_adj + pollution_fixed_adj + gen_adj + age_variable_adj + age_obs_variable_adj + pollution_variable_adj + starts_adj + gas_fixed_adj + oil_fixed_adj + supercritical_fixed_adj + gas_age_variable_adj + CHP_variable_adj + supercritical_variable_adj + gas_starts_adj,pollution_variable_adj,0.005723486643977696,variable,core
ST,3,real_opex ~ 0 + capacity_adj + age_fixed_adj + pollution_fixed_adj + gen_adj + age_variable_adj + age_obs_variable_adj + pollution_variable_adj + starts_adj + gas_fixed_adj + oil_fixed_adj + supercritical_fixed_adj + gas_age_variable_adj + CHP_variable_adj + supercritical_variable_adj + gas_starts_adj,starts_adj,40.27973400878472,start,core
ST,3,real_opex ~ 0 + capacity_adj + age_fixed_adj + pollution_fixed_adj + gen_adj + age_variable_adj + age_obs_variable_adj + pollution_variable_adj + starts_adj + gas_fixed_adj + oil_fixed_adj + supercritical_fixed_adj + gas_age_variable_adj + CHP_variable_adj + supercritical_variable_adj + gas_starts_adj,gas_fixed_adj,10025.854163252892,fixed,optional
ST,3,real_opex ~ 0 + capacity_adj + age_fixed_adj + pollution_fixed_adj + gen_adj + age_variable_adj + age_obs_variable_adj + pollution_variable_adj + starts_adj + gas_fixed_adj + oil_fixed_adj + supercritical_fixed_adj + gas_age_variable_adj + CHP_variable_adj + supercritical_variable_adj + gas_starts_adj,oil_fixed_adj,-25662.001343712876,fixed,optional
ST,3,real_opex ~ 0 + capacity_adj + age_fixed_adj + pollution_fixed_adj + gen_adj + age_variable_adj + age_obs_variable_adj + pollution_variable_adj + starts_adj + gas_fixed_adj + oil_fixed_adj + supercritical_fixed_adj + gas_age_variable_adj + CHP_variable_adj + supercritical_variable_adj + gas_starts_adj,supercritical_fixed_adj,-24255.874297960167,fixed,optional
ST,3,real_opex ~ 0 + capacity_adj + age_fixed_adj + pollution_fixed_adj + gen_adj + age_variable_adj + age_obs_variable_adj + pollution_variable_adj + starts_adj + gas_fixed_adj + oil_fixed_adj + supercritical_fixed_adj + gas_age_variable_adj + CHP_variable_adj + supercritical_variable_adj + gas_starts_adj,gas_age_variable_adj,1.3765796927043819,variable,optional
ST,3,real_opex ~ 0 + capacity_adj + age_fixed_adj + pollution_fixed_adj + gen_adj + age_variable_adj + age_obs_variable_adj + pollution_variable_adj + starts_adj + gas_fixed_adj + oil_fixed_adj + supercritical_fixed_adj + gas_age_variable_adj + CHP_variable_adj + supercritical_variable_adj + gas_starts_adj,CHP_variable_adj,-1.6758433352820958,variable,optional
ST,3,real_opex ~ 0 + capacity_adj + age_fixed_adj + pollution_fixed_adj + gen_adj + age_variable_adj + age_obs_variable_adj + pollution_variable_adj + starts_adj + gas_fixed_adj + oil_fixed_adj + supercritical_fixed_adj + gas_age_variable_adj + CHP_variable_adj + supercritical_variable_adj + gas_starts_adj,supercritical_variable_adj,4.790294420042686,variable,optional
ST,3,real_opex ~ 0 + capacity_adj + age_fixed_adj + pollution_fixed_adj + gen_adj + age_variable_adj + age_obs_variable_adj + pollution_variable_adj + starts_adj + gas_fixed_adj + oil_fixed_adj + supercritical_fixed_adj + gas_age_variable_adj + CHP_variable_adj + supercritical_variable_adj + gas_starts_adj,gas_starts_adj,-308.6841387615543,start,optional
