rowid,cls
58,4
59,4
60,4
61,4
62,4
63,4
64,4
65,4
66,4
67,4
68,4
69,4
70,1
71,1
72,1
73,1
74,1
75,1
76,1
77,3
78,3
429,3
430,3
431,3
432,4
433,4
434,4
435,3
436,3
437,3
438,4
439,4
440,4
441,1
442,1
443,1
444,1
488,3
489,3
490,3
491,3
492,3
575,1
576,1
577,1
578,1
579,1
580,1
581,1
594,4
595,4
596,4
597,4
598,4
612,4
613,4
615,4
616,4
618,4
619,4
620,4
638,1
639,1
640,1
641,1
665,1
666,1
667,1
668,1
669,1
670,1
671,4
672,4
673,4
674,4
685,1
686,1
687,1
688,1
689,1
690,1
691,1
692,1
693,1
694,3
695,3
696,3
697,3
747,1
748,1
761,1
763,3
892,3
893,4
894,4
897,3
898,3
899,3
900,3
901,3
902,3
903,3
1113,3
1114,3
1115,3
1116,3
1117,3
1118,3
1119,3
1120,3
1121,3
1122,3
1123,3
1124,3
1125,3
1126,3
1127,3
1128,3
1130,2
1131,1
1269,4
1270,4
1271,4
1272,4
1273,4
1274,4
1275,4
1486,3
1487,3
1909,4
2263,3
2264,3
2265,3
2266,3
2267,3
2352,4
2353,4
2354,4
2355,4
2356,4
2357,4
2358,4
2923,4
2924,4
2925,4
2926,4
2927,4
2928,4
2929,3
2930,3
2931,3
2932,3
2933,3
2934,4
2935,3
2936,3
2937,3
2938,4
2939,3
2940,4
2965,4
2966,4
2967,4
2968,4
2969,4
2970,4
2971,4
2972,4
3156,4
3157,4
3158,4
3159,4
3160,4
3161,4
3162,4
3163,4
3164,4
3165,4
3166,4
3167,4
3537,4
3538,4
3539,4
3541,4
3543,3
3544,3
3545,3
3546,3
3547,3
3548,3
3550,3
3551,3
3552,3
3553,3
3554,3
3555,3
4261,3
4262,3
4263,3
4264,3
4265,3
4266,3
4267,3
4269,3
4343,3
4344,3
4345,3
4346,3
4347,3
4348,3
4349,3
4350,3
5118,3
5119,3
5716,4
5717,4
5718,4
5719,4
5720,4
5721,4
5722,4
5832,3
5833,3
5834,3
5835,3
5836,3
5837,3
5838,3
5839,3
5840,3
5841,4
5842,4
5843,4
5844,4
6858,1
6859,1
6860,1
6861,1
6862,1
6863,1
6864,1
6865,1
6866,3
6892,4
6893,4
6894,4
6895,4
6896,4
6897,4
6898,4
6899,4
6900,4
6901,4
6902,4
6903,4
6904,1
6905,1
6906,3
6907,3
6908,3
6909,3
6910,1
6911,1
6912,1
7173,4
7174,4
7175,4
7176,4
7437,3
7438,3
7439,3
7440,3
7441,3
7442,3
7443,3
7444,3
7445,3
7446,3
7447,4
7448,4
7449,4
7450,4
7451,4
7841,4
7842,4
7843,4
7844,4
7845,4
7846,4
7847,4
8133,3
8134,3
8135,3
8136,3
8137,3
8138,3
8139,3
8140,3
8141,3
8352,4
8353,4
8354,4
8355,4
8386,4
8387,4
8388,4
8389,4
8390,4
8391,4
8392,4
8422,4
8423,4
8424,4
8425,4
8426,4
8427,4
8428,4
8429,4
8430,4
8431,4
8432,4
8433,4
8434,4
8435,4
8436,4
8573,4
8631,4
8632,4
8633,4
8634,4
8635,4
8636,4
8637,4
8638,4
8639,4
8640,4
8641,4
8642,4
8643,4
8644,4
8645,4
8736,4
8737,4
8817,3
8818,3
8819,4
8820,4
8821,4
8822,4
8823,4
8824,4
8825,4
8826,4
8827,4
8828,4
8829,4
8830,4
8831,4
9164,4
9165,4
9166,4
9167,4
9168,4
9169,4
9170,4
9171,4
9172,4
9173,4
9174,4
9195,4
9196,4
9197,4
9198,4
9199,4
9200,4
9201,4
9202,4
9203,4
9231,4
9232,4
9233,4
9234,4
9235,4
9236,4
9237,4
9238,4
9239,4
9240,3
9241,4
9242,3
9243,4
9244,4
9245,4
9246,4
9247,4
9248,4
9249,4
9250,4
9251,4
9252,4
9253,4
9335,4
9336,4
9337,4
9338,4
9339,4
9340,4
9341,3
9342,4
9343,4
9344,4
9345,4
9346,4
9347,3
9348,3
9349,3
9350,3
9390,4
9391,4
9392,4
9393,4
9394,4
9395,4
9453,3
9454,3
9455,3
9456,3
9457,3
9458,3
9459,3
9460,3
9461,3
9462,3
9463,3
9464,4
9466,1
9467,1
9468,1
9469,1
9470,1
9471,1
9472,1
9473,1
9474,3
9475,3
9476,3
9477,4
9478,4
9479,3
9480,4
9481,4
9482,4
9483,4
9485,3
9486,3
9487,3
9488,3
9489,3
9490,3
9491,3
9492,3
9493,4
9494,4
9495,4
9496,4
9497,4
9498,4
9499,3
9500,3
9501,3
9502,3
9503,3
9504,3
9505,3
9506,3
9509,4
9512,4
9513,4
9514,4
9515,4
9516,4
9517,4
9518,4
9519,4
9520,4
9521,4
9522,4
9523,4
9524,4
9525,4
9526,4
9527,4
9528,4
9529,4
9552,4
9553,4
9554,4
9555,4
9572,4
9573,4
9574,4
9575,4
9576,4
9577,4
9578,4
9579,4
9588,3
9593,4
9594,4
9595,4
9596,4
9597,4
9598,4
9599,4
9600,4
9601,4
9602,4
9603,4
9604,4
9605,1
9606,1
9607,3
9608,3
9609,1
9610,3
9611,3
9612,4
9613,4
9614,4
9615,4
9616,4
9617,4
9618,4
9619,4
9620,4
9621,4
9622,4
9623,4
9624,4
9625,4
9626,4
9627,4
9628,4
9629,4
9630,4
9631,4
9632,4
9633,4
9634,4
9635,4
9637,1
9638,1
9639,3
9640,1
9641,3
9642,3
9643,4
9644,4
9645,4
9646,4
9647,4
9648,4
9649,4
9650,4
9651,4
9652,4
9653,4
9654,4
9655,4
9657,3
9672,4
9673,4
9674,4
9675,4
9676,4
9677,4
9678,4
9679,4
9680,4
9681,4
9682,4
9683,4
9700,3
9701,3
9702,1
9703,1
9704,3
9705,3
9706,1
9707,1
9709,3
9710,3
9711,3
9712,3
9713,3
9714,3
9715,3
9760,3
9761,3
9762,3
9763,4
9764,4
9765,4
9766,4
9793,4
9794,4
9795,4
9796,4
9797,4
9798,4
9799,4
9800,4
9801,4
9802,4
9803,4
9804,4
9805,3
9806,3
9807,4
9808,4
9810,3
9811,3
9813,3
9814,3
9815,3
9816,3
9817,3
9818,3
9819,4
9820,4
9821,4
9828,4
9829,4
9830,4
9831,4
9832,4
9833,4
9834,4
9835,4
9836,4
9837,4
9838,4
9839,4
9858,4
9859,4
9860,4
9861,4
9862,4
9863,4
9864,4
9865,4
9866,4
9867,4
9868,4
9869,4
9870,4
9872,3
9873,3
9874,3
9875,3
9876,4
9877,4
9878,4
9879,4
9880,4
9881,4
9882,3
9883,3
9884,4
9885,3
9886,3
9887,4
9888,4
9889,4
9890,4
9891,3
9892,3
9893,3
9894,1
9895,1
9896,1
9897,1
9899,1
9900,3
9901,3
9902,3
9903,3
9904,3
9905,3
9906,3
9907,3
9908,3
9909,3
9910,3
9911,3
9912,4
9913,4
9914,3
9915,4
9916,3
9917,3
9918,4
9919,4
9920,4
9921,4
9943,3
9944,3
9945,3
9946,3
9947,3
9948,3
9949,3
9950,3
9951,3
9952,4
9953,4
9954,4
9955,4
9956,4
9957,3
9958,3
9959,3
9960,3
9961,4
9962,4
9963,3
9964,3
9965,3
9966,3
9967,3
9968,4
9969,1
9970,1
9971,1
9972,1
9973,1
9974,1
9975,1
9976,1
10005,3
10006,3
10007,3
10008,4
10009,4
10010,3
10011,4
10012,4
10013,4
10014,4
10015,4
10016,4
10017,4
10018,3
10019,3
10020,4
10021,4
10022,4
10023,4
10024,3
10025,3
10026,3
10027,3
10028,3
10029,3
10030,3
10031,3
10032,3
10033,3
10034,3
10061,1
10062,1
10063,1
10064,1
10065,1
10066,3
10067,1
10068,1
10069,1
10070,1
10071,1
10072,1
10073,1
10074,1
10075,1
10076,1
10077,1
10078,1
10079,2
10081,2
10082,2
10083,2
10162,3
10165,3
10168,3
10169,3
10170,3
10171,3
10197,3
10199,3
10200,3
10201,3
10202,3
10203,3
10215,3
10216,3
10217,3
10218,3
10219,3
10220,3
10221,3
10222,3
10223,3
10234,4
10235,4
10236,4
10237,4
10238,4
10239,4
10240,4
10241,4
10243,3
10244,3
10245,3
10246,3
10247,3
10248,3
10259,3
10260,3
10261,4
10264,1
10266,1
10271,3
10272,3
10273,3
10274,3
10284,1
10285,3
10286,3
10287,4
10288,4
10289,4
10290,4
10291,4
10293,1
10300,1
130,3
131,3
132,3
133,3
134,3
135,3
136,3
137,3
138,3
139,3
140,3
141,3
170,1
171,1
172,1
173,2
174,2
175,2
176,2
177,2
178,2
179,2
180,2
181,2
182,2
183,2
184,2
276,3
277,3
278,3
279,3
280,3
281,3
282,3
283,3
284,3
285,3
286,3
287,3
288,3
289,3
290,3
291,3
292,3
599,1
600,1
601,1
602,1
603,1
604,1
605,2
606,2
607,2
609,2
610,2
611,2
630,3
631,3
632,3
633,3
634,3
635,3
636,3
698,3
699,3
700,3
701,3
702,3
703,3
704,3
705,3
706,3
707,3
708,3
709,3
710,3
711,3
712,3
713,3
749,3
750,3
751,3
753,3
754,3
755,3
756,3
757,3
758,3
759,3
760,3
764,3
765,3
766,3
767,3
768,3
769,3
770,3
796,3
797,3
798,3
799,3
800,3
801,3
802,3
904,3
907,3
908,3
909,3
910,3
961,3
962,3
963,3
964,3
965,3
966,3
968,3
969,3
970,3
971,3
1023,3
1024,3
1025,3
1026,3
1101,3
1102,3
1103,3
1104,3
1105,3
1106,3
1107,3
1108,3
1109,3
1110,3
1111,3
1112,3
1156,3
1157,3
1158,3
1159,3
1160,3
1161,3
1162,3
1163,3
1164,3
1165,3
1166,3
1167,3
1168,3
1179,3
1180,3
1181,3
1184,3
1185,3
1279,2
1434,2
1435,3
1436,2
1437,2
1440,2
1441,2
1443,2
1444,2
1445,3
1446,3
1545,3
1546,3
1612,3
1613,3
1614,3
1615,3
1616,3
1617,3
1618,3
1619,3
1620,3
1621,3
1622,3
1623,3
1624,3
1625,3
1626,3
1627,3
1628,3
1629,3
1630,3
1631,3
1632,3
1633,3
1634,3
1635,3
1636,3
1637,3
1714,3
1715,3
1716,3
1717,3
1718,3
1719,3
1720,3
1721,3
1722,3
1723,3
1787,3
1788,3
1789,3
1790,3
1791,3
1792,3
1793,3
1794,3
1795,3
1796,3
1797,3
1799,3
1905,3
1906,3
1946,2
1947,2
1948,2
1949,2
1950,2
1951,2
1952,2
1953,2
1954,2
1955,2
1956,2
1957,2
1958,2
1959,2
1960,3
2038,3
2039,3
2040,3
2041,3
2042,3
2043,3
2044,3
2154,1
2155,1
2156,2
2157,2
2160,2
2161,2
2162,1
2163,1
2164,2
2165,2
2166,2
2167,2
2168,2
2322,2
2323,3
2324,3
2325,3
2326,3
2327,3
2328,3
2329,3
2330,3
2331,3
2332,3
2333,3
2334,3
2335,3
2376,3
2377,3
2378,3
2379,3
2380,3
2381,3
2382,3
2383,3
2577,3
2578,3
2579,3
2583,3
2622,3
2623,3
2624,3
2626,3
2627,3
2628,3
2629,3
2630,3
2639,3
2640,3
2942,3
2943,3
2944,3
2945,3
2946,3
2947,3
2948,3
3018,3
3019,3
3020,3
3021,3
3169,2
3170,3
3171,3
3172,3
3173,3
3178,3
3179,3
3180,3
3181,3
3182,3
3213,3
3214,3
3215,3
3216,3
3217,3
3218,3
3219,3
3220,3
3221,3
3222,3
3223,3
3224,3
3225,3
3226,3
3227,3
3228,3
3229,3
3230,3
3231,3
3232,3
3233,3
3234,3
3235,3
3236,3
3237,3
3238,3
3269,3
3271,3
3274,3
3383,3
3384,3
3385,3
3388,3
3389,3
3390,3
3391,3
3392,3
3421,3
3422,3
3423,3
3424,3
3425,3
3426,3
3427,3
3429,1
3430,1
3431,1
3432,1
3433,1
3434,1
3435,1
3436,1
3437,1
3438,1
3439,1
3440,1
3527,3
3528,3
3529,3
3530,3
3531,3
3532,3
3533,3
3534,3
3535,3
3536,3
3583,3
3702,2
3703,2
3704,3
3705,3
3706,3
3707,2
3708,2
3838,2
3839,2
3840,2
3841,3
3842,2
3843,3
3844,3
3845,2
3846,3
3847,2
3848,2
3849,2
3850,3
3855,3
3856,3
3857,3
3858,3
3859,3
3860,3
3864,3
3865,3
3893,2
3912,3
3913,3
3914,3
3915,3
3916,3
3917,3
3918,3
3919,3
3920,3
3921,3
3922,3
3923,3
3924,3
3925,3
3976,3
3977,3
3978,3
3979,3
3980,3
3981,3
3982,3
3983,3
3986,3
3987,3
3988,3
3989,3
3990,3
4019,2
4020,2
4022,3
4023,2
4024,2
4025,2
4026,2
4027,2
4028,3
4029,3
4030,3
4031,3
4032,3
4033,3
4034,3
4035,3
4036,3
4037,3
4038,3
4039,3
4040,3
4042,3
4043,3
4044,3
4045,3
4046,3
4047,3
4048,3
4050,3
4051,3
4053,3
4054,3
4055,3
4056,3
4057,3
4058,3
4059,3
4060,3
4061,3
4091,2
4092,2
4093,2
4094,2
4095,2
4096,2
4097,2
4098,2
4099,2
4100,2
4101,2
4102,2
4103,2
4104,2
4105,3
4130,3
4131,3
4132,3
4186,3
4187,3
4188,3
4189,3
4190,3
4191,3
4192,3
4193,3
4282,3
4283,3
4284,3
4285,3
4286,3
4337,3
4338,3
4339,3
4340,3
4341,3
4420,3
4421,3
4423,3
4428,3
4429,3
4430,3
4431,3
4432,3
4433,3
4494,3
4500,3
4501,3
4502,3
4575,2
4576,2
4577,2
4578,2
4579,2
4580,2
4581,2
4582,2
4583,3
4584,2
4585,2
4625,3
4626,3
4627,3
4861,1
4862,1
4972,3
4973,3
4974,3
4975,3
4981,3
4982,3
4983,3
5069,2
5070,2
5071,2
5072,2
5073,2
5074,2
5075,2
5076,2
5235,3
5236,3
5237,3
5238,3
5239,3
5240,3
5241,3
5242,3
5471,2
5472,2
5473,1
5474,2
5475,1
5477,2
5631,2
5632,2
5633,2
5634,2
5635,2
5636,2
5637,2
5638,2
5639,2
5640,3
5641,3
5642,3
5643,3
5644,3
5645,3
6162,3
6163,3
6164,3
6165,3
6166,3
6167,3
6168,3
6169,3
6170,3
6171,3
6173,3
6189,3
6190,3
6191,3
6192,3
6193,3
6194,3
6195,3
6196,3
6197,3
6198,3
6199,3
6200,3
6201,3
6202,3
6203,3
6204,3
6205,3
6206,3
6207,3
6208,3
6209,3
6210,3
6213,3
6214,3
6338,3
6339,3
6340,3
6341,3
6342,3
6343,3
6344,3
6345,3
6346,3
6347,3
6348,3
6350,3
6354,3
6356,3
6357,3
6358,3
6360,3
6362,3
6363,3
6364,3
6365,3
6366,3
6367,3
6368,3
6369,3
6370,3
6371,3
6372,3
6373,3
6374,3
6375,3
6376,3
6413,3
6414,3
6415,3
6416,3
6417,3
6418,3
6419,3
6420,3
6421,3
6422,3
6424,3
6425,3
6432,3
6433,3
6434,3
6435,3
6436,3
6437,3
6438,3
6439,3
6559,3
6560,3
6561,3
6567,3
6569,3
6814,2
6845,2
6846,2
6847,2
6848,2
6849,2
6934,2
6935,2
6936,2
6937,1
6938,2
6939,2
6940,2
6941,2
6944,3
6945,3
6946,3
6975,3
6976,3
6977,3
6978,3
6979,3
6980,3
6981,3
6982,3
6983,3
6984,3
6985,3
6986,3
6987,3
7027,3
7028,3
7029,3
7030,3
7031,3
7032,3
7033,3
7034,3
7035,3
7036,3
7037,3
7038,3
7039,3
7131,1
7132,1
7133,1
7134,1
7137,1
7138,1
7139,1
7140,1
7141,1
7142,1
7143,1
7144,1
7145,2
7177,3
7178,3
7179,3
7180,3
7181,3
7182,3
7183,3
7184,3
7185,3
7186,3
7187,3
7188,3
7189,3
7297,3
7305,3
7306,3
7307,3
7308,3
7452,2
7453,2
7454,2
7455,2
7456,2
7457,2
7458,2
7459,2
7461,3
7462,3
7543,2
7547,2
7549,2
7550,2
7551,2
7552,2
7554,2
7555,2
7556,2
7557,2
7586,3
7587,3
7588,3
7589,3
7590,3
7591,3
7592,3
7593,3
7594,3
7595,3
7596,3
7597,3
7598,3
7599,3
7864,3
7865,3
7866,3
7867,3
7868,3
7938,3
7939,3
7940,3
7941,3
7942,3
7943,3
7944,3
7945,3
7946,3
7947,3
7948,3
7949,3
7950,3
7998,3
7999,3
8000,3
8001,3
8002,3
8003,3
8004,3
8005,3
8006,3
8007,3
8008,3
8009,3
8010,3
8011,3
8012,3
8013,3
8014,3
8015,3
8016,3
8017,3
8018,3
8019,3
8020,3
8021,3
8022,3
8023,3
8024,3
8025,3
8026,3
8027,3
8028,3
8029,3
8030,3
8031,3
8032,3
8033,3
8034,3
8035,3
8036,3
8104,2
8105,2
8106,2
8107,2
8108,2
8109,3
8110,3
8112,3
8113,3
8114,3
8115,3
8116,3
8118,2
8119,3
8120,3
8121,3
8123,3
8124,3
8126,3
8127,3
8128,3
8129,3
8130,3
8131,3
8144,3
8147,3
8148,3
8149,3
8151,3
8152,3
8153,3
8154,3
8155,3
8156,3
8157,3
8158,3
8159,3
8160,3
8161,3
8162,3
8163,3
8164,2
8165,2
8166,2
8167,3
8168,3
8169,3
8170,3
8171,3
8172,3
8173,3
8174,3
8179,3
8180,3
8181,3
8182,3
8183,3
8186,3
8190,3
8192,3
8194,2
8195,2
8196,2
8197,2
8198,2
8200,2
8201,3
8202,3
8203,2
8204,3
8205,3
8206,2
8208,3
8209,2
8210,2
8211,2
8212,2
8213,2
8214,3
8215,2
8216,3
8217,3
8218,2
8219,3
8220,3
8221,3
8222,3
8223,3
8224,2
8225,2
8226,3
8227,3
8228,3
8229,3
8230,3
8231,3
8232,3
8233,3
8234,3
8235,3
8236,3
8237,3
8253,2
8254,2
8255,2
8256,2
8257,2
8258,3
8259,3
8260,3
8261,3
8262,3
8263,3
8264,3
8292,2
8293,2
8294,2
8295,2
8296,2
8297,2
8298,2
8299,3
8300,3
8301,2
8302,3
8303,3
8304,3
8305,3
8306,3
8307,2
8308,2
8309,2
8310,2
8311,2
8312,3
8313,2
8314,3
8315,3
8316,2
8317,2
8318,3
8319,3
8320,3
8321,3
8322,1
8323,1
8324,1
8325,1
8326,1
8327,1
8328,1
8329,1
8330,1
8331,1
8332,1
8333,2
8334,1
8335,2
8336,2
8337,3
8338,3
8339,3
8340,3
8341,3
8342,3
8343,3
8344,3
8345,3
8346,3
8348,3
8349,3
8350,3
8351,3
8372,3
8373,3
8374,3
8375,3
8376,3
8377,3
8378,3
8379,3
8380,3
8381,3
8382,3
8383,3
8384,3
8385,3
8393,3
8394,3
8395,3
8396,3
8397,3
8398,3
8400,3
8401,3
8402,3
8403,3
8404,3
8405,3
8406,3
8407,3
8408,3
8409,3
8410,1
8411,1
8412,2
8414,1
8415,1
8416,1
8417,1
8418,2
8419,1
8420,2
8421,2
8438,2
8444,2
8445,2
8446,2
8447,2
8448,2
8449,3
8450,2
8451,3
8452,2
8453,3
8454,3
8455,3
8456,3
8457,3
8458,3
8459,3
8460,2
8461,3
8462,2
8463,2
8464,2
8465,3
8481,3
8482,3
8483,3
8484,3
8485,3
8486,3
8487,3
8488,3
8489,3
8490,3
8491,3
8492,3
8493,3
8494,3
8495,3
8507,1
8508,1
8509,1
8510,1
8511,1
8512,1
8513,1
8515,1
8516,2
8517,2
8518,2
8519,1
8520,1
8521,1
8522,2
8523,1
8524,1
8525,2
8526,1
8527,2
8528,2
8529,2
8530,2
8531,2
8532,2
8533,2
8534,1
8535,2
8536,2
8537,1
8538,1
8539,1
8540,1
8542,1
8543,1
8544,1
8545,1
8546,1
8547,2
8548,1
8549,2
8550,2
8551,2
8554,1
8555,1
8556,1
8557,1
8558,1
8559,1
8560,1
8561,1
8562,1
8563,1
8564,1
8565,3
8566,3
8567,3
8568,3
8569,3
8570,3
8571,3
8572,3
8575,2
8576,2
8577,2
8578,2
8579,2
8580,2
8581,2
8582,2
8601,3
8602,3
8603,3
8604,3
8605,3
8606,3
8607,3
8608,3
8609,3
8610,3
8611,3
8612,3
8613,3
8614,3
8615,3
8616,2
8617,2
8618,2
8619,2
8620,2
8621,2
8622,2
8623,3
8624,3
8625,3
8626,3
8627,3
8628,3
8629,2
8630,3
8646,3
8647,3
8648,3
8649,3
8650,3
8651,3
8652,3
8653,3
8654,3
8655,3
8656,3
8657,3
8658,3
8659,3
8660,3
8661,3
8662,3
8664,2
8665,2
8666,2
8667,2
8668,2
8669,3
8670,2
8671,2
8672,3
8673,3
8674,2
8675,2
8676,2
8677,2
8678,2
8679,2
8680,2
8681,2
8682,2
8683,3
8684,3
8685,3
8686,3
8687,3
8688,3
8689,3
8690,3
8691,3
8692,3
8693,3
8694,3
8695,3
8696,3
8697,3
8698,3
8699,3
8700,3
8701,3
8702,3
8703,3
8706,2
8707,2
8708,2
8709,2
8710,2
8711,2
8712,2
8713,2
8714,2
8715,2
8716,2
8717,2
8718,1
8719,2
8720,2
8721,2
8722,2
8723,2
8724,2
8726,2
8727,2
8728,2
8729,2
8730,2
8731,2
8751,3
8752,3
8753,3
8754,3
8755,3
8756,3
8757,3
8758,3
8759,3
8790,2
8791,2
8792,2
8793,2
8794,2
8795,2
8796,2
8797,2
8798,2
8799,2
8800,3
8801,3
8802,3
8803,3
8804,3
8805,3
8806,3
8807,3
8808,3
8809,3
8810,3
8811,3
8812,3
8813,3
8814,3
8815,3
8816,3
8889,1
8890,1
8892,1
8895,1
8896,1
8897,2
8899,2
8900,2
9182,2
9183,2
9184,2
9185,2
9186,2
9187,3
9188,3
9189,2
9190,2
9191,3
9192,2
9193,3
9194,3
9206,3
9207,3
9208,3
9209,2
9210,2
9211,3
9212,3
9213,3
9214,3
9215,3
9216,3
9217,3
9218,3
9219,3
9220,3
9221,3
9222,3
9223,3
9224,3
9225,3
9226,3
9227,3
9228,3
9254,1
9255,1
9256,2
9257,2
9272,2
9273,2
9274,2
9275,2
9276,2
9277,2
9278,2
9279,2
9280,2
9282,1
9283,2
9284,1
9285,1
9287,1
9288,1
9289,1
9290,1
9291,1
9292,1
9293,1
9294,2
9295,2
9296,2
9297,2
9298,2
9299,2
9300,2
9301,2
9302,2
9303,2
9304,2
9306,2
9307,2
9308,2
9309,2
9310,2
9311,2
9312,2
9313,2
9314,2
9315,2
9316,2
9317,2
9318,2
9319,2
9320,2
9321,2
9322,2
9323,2
9325,2
9326,2
9327,2
9328,2
9329,2
9330,2
9331,2
9332,2
9333,3
9334,3
9352,2
9353,2
9354,2
9355,2
9356,3
9357,3
9358,2
9360,2
9361,1
9362,2
9363,2
9364,2
9365,2
9366,2
9367,2
9368,2
9369,2
9370,2
9371,2
9372,2
9373,2
9374,3
9375,2
9376,2
9377,2
9378,3
9379,3
9380,3
9381,3
9382,3
9383,3
9384,3
9385,3
9386,3
9387,3
9388,3
9389,3
9396,2
9397,2
9398,2
9399,2
9400,2
9401,2
9402,2
9403,2
9404,2
9405,2
9406,2
9407,2
9408,2
9409,2
9410,3
9411,2
9412,3
9413,3
9414,2
9415,3
9416,3
9417,3
9418,2
9419,2
9420,2
9421,2
9422,2
9423,2
9424,2
9425,2
9426,2
9427,2
9428,2
9429,3
9430,1
9431,1
9432,1
9433,2
9434,2
9435,2
9436,2
9437,2
9442,2
9443,2
9444,2
9445,2
9446,2
9447,2
9448,2
9449,2
9450,2
9451,2
9452,2
9531,3
9532,3
9533,2
9534,2
9535,3
9536,3
9537,3
9538,3
9539,3
9540,3
9541,3
9542,3
9556,2
9557,2
9558,2
9559,2
9560,2
9561,2
9562,2
9563,2
9564,2
9565,2
9566,2
9567,2
9568,3
9569,3
9570,3
9580,2
9581,2
9582,2
9583,2
9584,2
9585,2
9586,2
9589,3
9590,3
9591,3
9658,3
9659,3
9660,3
9661,3
9662,3
9663,3
9664,3
9665,3
9666,3
9667,3
9668,3
9669,3
9670,3
9671,3
9685,1
9686,1
9687,1
9688,2
9689,2
9690,2
9691,2
9692,2
9693,2
9694,2
9695,2
9696,2
9697,2
9698,2
9699,2
9722,3
9723,3
9724,3
9725,3
9726,3
9727,3
9728,3
9729,3
9730,3
9735,2
9736,2
9737,1
9738,1
9739,2
9740,2
9741,2
9742,2
9743,2
9744,2
9745,1
9750,3
9751,3
9752,3
9753,3
9754,3
9755,3
9756,3
9757,3
9758,3
9768,2
9769,2
9770,2
9771,2
9772,2
9773,2
9774,2
9775,2
9776,2
9777,2
9779,2
9780,3
9781,2
9782,2
9783,2
9784,2
9785,3
9786,3
9787,3
9788,3
9789,3
9790,2
9791,3
9792,3
9840,2
9841,3
9842,2
9843,3
9844,3
9845,3
9846,3
9847,3
9848,2
9849,3
9850,3
9851,3
9852,2
9853,2
9977,2
9978,2
9979,2
9980,2
9981,2
9982,2
9983,2
9984,2
9985,3
9986,3
9987,3
9988,3
9989,3
9990,3
9991,3
9993,2
9994,2
9995,2
9996,2
9997,2
9998,3
9999,3
10000,2
10001,2
10002,2
10003,2
10004,2
10036,3
10037,3
10039,2
10041,2
10042,2
10043,2
10044,2
10045,1
10046,1
10048,2
10049,2
10050,2
10051,2
10052,2
10053,2
10054,3
10055,3
10056,2
10057,3
10058,3
10059,2
10060,3
10096,3
10097,3
10098,3
10099,3
10100,3
10101,3
10102,3
10103,3
10105,3
10106,3
10107,3
10108,3
10109,3
10110,3
10111,3
10112,3
10113,3
10114,3
10115,3
10116,3
10117,3
10119,3
10120,3
10121,3
10122,3
10123,3
10124,3
10125,3
10126,3
10127,3
10128,3
10129,3
10130,3
10131,3
10133,3
10134,3
10135,3
10136,3
10137,3
10138,3
10139,3
10140,3
10141,3
10142,3
10143,3
10144,3
10145,3
10147,3
10148,3
10149,3
10150,3
10151,3
10152,3
10153,3
10154,3
10155,3
10156,3
10157,3
10158,3
10159,3
10172,3
10173,3
10174,3
10175,3
10176,3
10177,3
10178,3
10179,3
10180,3
10181,3
10183,1
10184,1
10185,1
10186,1
10187,1
10188,1
10189,1
10190,2
10191,1
10192,1
10193,2
10212,3
10213,3
10225,2
10226,2
10227,2
10229,2
10230,2
10231,2
10232,2
10249,3
10250,3
10251,3
10252,3
10253,3
10254,2
10255,2
10257,1
10267,3
10268,3
10275,1
10276,1
10277,1
10278,1
10280,2
10281,2
10282,3
10295,1
10296,1
10297,2
10298,1
1,2
2,2
3,2
4,2
5,2
8,1
9,1
10,1
11,1
12,1
13,2
14,2
15,2
16,2
17,2
20,1
21,1
22,1
23,1
24,1
25,2
26,2
27,2
28,2
29,2
31,2
32,2
33,2
34,2
35,2
38,2
39,2
40,2
41,2
42,2
43,2
44,2
45,2
46,2
47,2
50,2
51,2
52,2
53,2
54,2
55,3
56,3
57,3
79,2
80,2
81,2
82,2
83,2
84,2
85,2
86,2
89,2
90,2
92,2
93,2
94,2
95,2
96,2
97,2
99,2
100,2
101,2
102,2
103,2
104,2
106,2
107,2
108,2
109,2
110,2
111,2
114,2
115,2
117,2
118,2
119,2
120,2
121,2
122,2
125,2
126,2
128,3
129,3
142,2
143,2
144,2
145,2
146,2
147,2
148,2
149,2
150,1
151,1
152,1
153,1
154,1
155,2
156,2
157,2
158,2
159,2
160,2
161,2
162,2
163,1
164,1
165,1
166,1
167,1
168,2
169,2
185,2
186,2
187,2
188,2
189,2
190,2
191,2
192,2
193,2
194,2
195,2
196,2
197,2
198,2
199,2
200,2
201,2
202,2
203,2
204,2
205,2
208,2
209,2
210,2
213,2
214,2
215,2
216,2
217,2
218,2
220,2
221,2
222,2
223,2
224,2
225,2
228,2
229,2
230,2
233,2
234,2
235,2
236,2
237,2
238,2
241,2
242,2
243,2
245,3
246,3
247,1
248,1
249,1
250,1
251,1
252,1
253,1
254,1
255,1
256,1
258,1
259,1
260,1
261,1
262,1
263,1
264,1
265,1
266,1
267,1
269,1
270,1
272,1
273,1
274,1
275,1
293,1
294,1
295,1
296,1
297,1
298,1
299,1
301,2
302,1
303,1
304,1
305,1
306,1
307,1
308,1
309,1
311,1
312,1
313,1
314,1
315,1
316,1
317,1
320,2
321,2
322,2
323,1
324,2
325,2
326,2
327,1
328,1
331,1
332,1
333,1
335,2
336,2
337,2
338,2
339,2
340,2
341,2
342,2
343,2
344,2
345,2
346,2
347,2
349,2
350,2
351,2
352,2
353,1
354,1
355,1
356,1
358,1
359,1
360,2
361,2
362,2
363,2
364,2
365,2
367,2
368,1
372,1
373,1
374,2
375,2
377,2
378,2
379,2
380,1
382,1
383,1
384,1
387,1
388,1
389,1
390,1
391,1
392,1
393,1
394,1
395,1
396,2
397,2
398,2
399,2
400,2
402,2
403,2
404,2
405,2
406,2
407,2
408,2
409,2
410,2
412,2
413,2
414,2
415,2
416,2
417,2
418,2
419,2
420,2
422,3
423,3
424,1
425,2
426,1
447,2
448,2
449,2
450,2
452,2
453,2
454,2
455,2
457,2
458,2
459,2
460,2
463,2
464,2
466,2
467,2
471,2
472,2
473,2
477,2
478,2
480,2
481,2
482,1
483,1
484,1
485,2
486,2
493,2
494,2
496,2
497,2
498,2
499,2
500,2
501,2
502,2
503,2
504,2
505,2
506,2
507,2
509,2
510,2
511,2
512,2
513,2
514,2
515,2
516,2
517,2
518,2
520,3
521,3
522,3
523,3
524,3
525,3
526,3
527,3
528,3
529,2
530,2
531,2
532,2
533,2
534,2
535,2
536,2
537,2
538,2
539,2
540,2
541,2
543,2
544,2
545,2
547,2
548,2
549,2
550,2
551,2
552,2
553,2
554,2
555,2
556,2
557,2
558,2
559,2
560,2
561,2
562,2
563,2
564,2
565,2
566,2
567,2
568,2
569,2
570,2
571,2
572,2
573,2
586,1
587,1
588,1
589,2
590,2
591,1
592,1
593,1
642,2
643,2
645,2
646,2
648,1
649,1
652,1
653,1
656,1
657,1
658,1
659,2
660,2
661,1
662,1
663,1
675,1
676,3
677,3
678,1
679,1
682,1
714,2
715,2
716,2
717,2
719,2
720,2
721,2
722,2
724,2
725,2
726,2
727,2
732,2
733,2
734,2
735,2
740,3
741,3
742,3
743,3
744,3
745,3
746,3
771,2
772,2
773,2
774,2
775,2
776,2
778,2
779,2
780,2
781,2
782,2
783,2
784,2
786,2
787,2
788,2
789,1
790,1
791,1
792,1
794,2
795,2
805,2
806,2
807,2
808,2
809,2
810,2
811,2
812,2
813,2
814,2
815,2
816,2
817,2
818,2
819,2
820,2
821,2
822,2
823,2
824,2
825,2
826,2
827,2
828,2
829,2
830,2
831,2
832,2
833,2
834,2
835,2
836,2
837,2
838,2
839,2
840,2
841,2
842,2
843,1
844,2
845,2
846,2
847,2
848,2
849,2
850,2
851,2
852,2
853,2
854,2
855,2
856,2
858,2
859,2
860,2
861,2
862,2
863,2
864,2
866,2
867,2
868,2
869,2
870,2
871,2
873,2
874,2
875,2
876,2
877,2
878,2
879,2
880,2
882,2
883,2
884,2
885,2
886,2
887,2
889,2
890,2
891,2
911,2
912,2
913,2
914,2
915,2
916,2
917,2
918,2
919,1
920,1
921,1
922,1
923,2
924,2
925,2
926,2
927,2
928,2
929,2
930,2
931,1
932,1
933,1
934,2
935,2
936,2
937,2
938,2
939,2
940,2
941,2
942,2
943,2
944,1
945,1
946,2
947,2
948,2
949,2
950,2
951,2
952,2
953,2
954,2
955,2
956,2
957,2
958,3
959,3
960,3
972,2
973,2
974,2
975,2
976,2
977,2
978,2
979,2
980,2
981,2
982,2
983,2
984,2
985,2
986,2
987,2
988,2
989,2
990,2
991,2
992,2
993,2
994,2
995,2
996,3
997,3
998,2
999,2
1000,2
1001,2
1002,2
1003,2
1004,2
1005,2
1006,2
1007,2
1008,3
1009,3
1010,2
1011,2
1012,2
1013,2
1014,2
1015,2
1016,2
1017,2
1018,2
1019,2
1020,3
1021,3
1022,3
1027,2
1028,2
1029,2
1030,2
1031,2
1032,2
1033,2
1034,2
1035,2
1036,2
1038,2
1039,2
1040,2
1041,2
1042,2
1043,2
1044,2
1045,2
1046,2
1047,2
1049,2
1050,2
1051,2
1052,2
1053,2
1054,2
1055,2
1056,2
1057,2
1058,2
1060,2
1061,2
1062,2
1063,2
1064,2
1065,2
1066,2
1067,2
1068,2
1069,2
1071,2
1072,2
1073,2
1074,2
1075,2
1076,2
1080,2
1081,2
1082,2
1083,2
1085,2
1086,2
1087,2
1088,2
1092,2
1093,2
1094,2
1095,2
1099,3
1100,3
1132,2
1135,2
1137,2
1138,2
1139,2
1140,2
1141,2
1142,2
1143,2
1144,2
1145,2
1147,2
1148,2
1149,2
1150,2
1151,2
1152,2
1154,2
1155,2
1169,2
1170,2
1171,2
1172,2
1173,2
1174,2
1175,2
1177,2
1178,2
1187,2
1188,2
1189,2
1190,2
1191,2
1193,2
1194,2
1195,2
1196,2
1197,2
1199,2
1200,2
1201,2
1202,2
1203,2
1205,2
1206,2
1207,2
1208,2
1209,2
1211,2
1212,2
1213,2
1214,2
1215,2
1217,2
1218,2
1219,2
1220,2
1221,2
1224,1
1225,1
1226,1
1227,1
1228,1
1229,2
1230,2
1231,2
1232,2
1233,2
1236,1
1237,1
1238,1
1239,1
1240,1
1241,3
1242,3
1243,2
1244,2
1245,2
1246,2
1247,2
1248,2
1250,2
1251,2
1252,2
1253,2
1254,2
1256,2
1257,2
1258,2
1259,2
1260,2
1262,2
1263,2
1264,2
1266,2
1267,2
1268,2
1277,3
1278,3
1280,2
1281,2
1282,2
1283,2
1284,2
1285,2
1286,2
1287,2
1288,2
1289,2
1290,2
1291,2
1292,2
1293,2
1294,2
1295,2
1296,2
1297,2
1298,2
1299,2
1300,2
1301,2
1302,2
1303,2
1304,2
1305,2
1306,2
1307,2
1308,2
1309,2
1310,2
1311,2
1312,2
1313,2
1314,2
1315,2
1316,2
1317,2
1318,2
1319,2
1320,2
1321,2
1322,2
1323,2
1324,2
1325,2
1326,2
1327,2
1328,2
1329,2
1330,2
1331,2
1332,2
1333,2
1334,2
1335,2
1336,2
1337,2
1338,2
1339,2
1340,2
1341,2
1342,2
1343,2
1344,2
1345,2
1346,2
1347,2
1348,2
1349,2
1350,2
1351,2
1352,2
1353,2
1354,2
1355,2
1356,2
1357,2
1358,3
1359,3
1360,2
1361,2
1362,2
1363,2
1364,2
1366,2
1367,2
1368,2
1369,2
1370,2
1372,2
1373,2
1374,2
1375,2
1376,2
1378,2
1379,2
1380,2
1381,2
1382,2
1383,2
1385,2
1386,2
1387,2
1388,2
1389,2
1391,2
1392,2
1393,2
1396,2
1397,2
1398,1
1399,1
1400,1
1401,1
1402,1
1403,2
1404,2
1405,2
1408,2
1409,2
1410,1
1411,1
1412,1
1413,1
1414,1
1415,2
1416,2
1417,2
1420,2
1421,2
1422,1
1423,1
1424,1
1425,1
1426,1
1427,2
1428,2
1430,2
1431,2
1432,2
1447,2
1448,2
1450,2
1451,2
1452,2
1454,2
1455,2
1456,2
1459,2
1461,2
1462,2
1463,2
1466,2
1468,2
1469,2
1470,2
1473,2
1475,2
1476,2
1477,2
1480,2
1482,2
1483,2
1484,2
1488,2
1489,2
1490,2
1491,2
1492,2
1493,2
1494,2
1495,2
1496,2
1497,2
1498,2
1499,2
1500,2
1501,2
1502,2
1503,2
1504,2
1505,2
1506,2
1507,2
1508,2
1509,2
1510,2
1511,2
1512,2
1513,2
1514,2
1515,2
1516,2
1517,2
1518,2
1519,2
1520,2
1521,2
1522,2
1523,2
1524,2
1525,2
1526,2
1527,2
1528,2
1529,2
1530,2
1531,2
1532,2
1533,2
1534,2
1535,2
1536,3
1537,3
1538,3
1547,2
1548,2
1549,2
1550,2
1557,2
1558,2
1559,2
1560,2
1567,2
1568,2
1570,2
1576,2
1577,2
1578,2
1579,2
1580,2
1581,2
1582,2
1584,2
1585,2
1586,2
1587,2
1588,2
1589,2
1590,2
1591,2
1592,2
1593,2
1594,2
1595,2
1596,2
1597,2
1598,2
1599,2
1600,2
1601,2
1602,2
1603,2
1604,2
1605,2
1606,2
1607,2
1608,2
1609,2
1610,3
1611,3
1639,2
1640,2
1641,2
1643,2
1644,2
1645,2
1648,2
1649,2
1650,2
1651,2
1652,2
1653,2
1654,2
1655,2
1656,2
1657,2
1658,2
1660,2
1661,2
1662,2
1665,2
1666,2
1667,2
1668,2
1669,2
1670,2
1671,2
1672,2
1673,2
1674,2
1675,2
1676,2
1677,2
1678,2
1679,2
1680,2
1681,2
1683,2
1684,2
1685,2
1686,2
1687,2
1688,2
1689,2
1691,2
1692,2
1693,2
1694,2
1695,2
1696,2
1697,2
1699,2
1700,2
1701,2
1702,2
1704,2
1705,2
1706,2
1707,2
1708,2
1709,2
1710,2
1712,2
1713,2
1726,2
1727,2
1728,2
1729,2
1730,2
1731,2
1732,2
1733,2
1734,2
1735,2
1736,2
1737,2
1738,2
1739,2
1740,2
1741,2
1742,2
1743,2
1744,2
1745,2
1746,2
1747,2
1748,2
1749,2
1750,2
1751,2
1752,2
1755,2
1756,2
1757,2
1758,2
1759,2
1761,2
1764,2
1765,2
1766,2
1767,2
1768,2
1769,2
1770,2
1772,2
1774,2
1777,2
1778,2
1779,2
1780,2
1781,2
1782,1
1784,2
1785,2
1802,2
1803,2
1804,2
1807,2
1808,2
1809,1
1810,2
1811,2
1812,1
1813,2
1814,2
1815,2
1816,2
1817,2
1818,2
1819,2
1820,2
1821,2
1822,2
1824,2
1825,2
1826,2
1827,2
1828,2
1829,2
1831,2
1832,2
1833,2
1834,2
1835,2
1836,2
1844,3
1845,3
1846,3
1847,3
1848,3
1849,3
1857,2
1859,2
1860,2
1861,2
1862,2
1863,2
1864,2
1865,2
1867,2
1868,2
1869,2
1870,2
1871,2
1872,2
1873,2
1875,2
1876,2
1877,2
1878,2
1879,2
1880,2
1881,2
1888,2
1889,2
1890,2
1891,2
1892,2
1893,2
1894,2
1895,2
1896,2
1897,2
1898,2
1899,2
1900,2
1901,2
1902,2
1903,2
1904,2
1907,2
1910,2
1911,2
1912,2
1913,2
1915,2
1916,2
1917,2
1918,2
1921,2
1922,2
1923,2
1924,1
1925,1
1926,1
1927,1
1928,1
1929,1
1930,1
1931,1
1932,1
1934,1
1935,1
1936,1
1937,1
1938,1
1939,1
1940,1
1941,1
1942,1
1944,1
1945,1
1961,2
1962,2
1963,2
1964,2
1965,2
1966,2
1967,2
1968,2
1969,2
1970,2
1971,2
1972,2
1973,2
1974,2
1975,2
1976,2
1977,2
1978,2
1979,2
1980,2
1981,2
1982,2
1983,2
1984,2
1985,2
1986,2
1987,3
1988,3
1989,2
1990,2
1991,2
1992,2
1993,2
1995,2
1996,2
1997,2
1998,2
1999,2
2001,1
2002,1
2003,1
2004,1
2005,1
2008,1
2009,1
2011,1
2012,1
2013,2
2014,1
2015,1
2018,1
2019,1
2021,1
2022,1
2023,2
2024,2
2025,2
2026,2
2027,2
2029,1
2030,1
2031,1
2032,1
2033,1
2037,1
2045,2
2046,2
2047,2
2048,2
2049,2
2050,2
2052,2
2053,2
2054,2
2055,2
2056,2
2057,2
2065,2
2066,2
2067,2
2068,2
2069,2
2070,2
2078,2
2079,2
2080,2
2081,2
2082,2
2083,2
2084,2
2086,2
2087,2
2088,2
2089,2
2090,2
2093,2
2095,2
2096,2
2097,2
2098,2
2099,2
2100,2
2101,2
2102,2
2105,1
2106,1
2107,1
2108,1
2109,1
2110,2
2111,2
2112,2
2113,2
2114,2
2116,3
2117,3
2118,2
2119,2
2120,2
2121,2
2122,2
2123,2
2124,2
2125,2
2126,2
2127,2
2129,2
2130,2
2131,2
2132,2
2133,2
2134,2
2135,2
2136,2
2137,2
2139,2
2140,2
2141,2
2142,2
2143,2
2144,2
2145,2
2146,2
2147,2
2148,2
2152,2
2153,2
2169,2
2170,2
2171,2
2172,2
2173,2
2174,2
2175,2
2176,2
2177,2
2178,2
2179,2
2180,2
2181,2
2182,2
2183,2
2184,2
2185,2
2186,2
2187,2
2188,2
2189,2
2190,2
2191,2
2192,2
2193,2
2194,2
2195,3
2196,3
2197,3
2198,3
2199,3
2200,3
2201,3
2202,2
2203,2
2204,2
2205,2
2206,2
2207,2
2208,3
2209,3
2210,3
2211,3
2212,2
2213,3
2214,3
2215,3
2216,2
2217,2
2218,2
2219,2
2220,2
2221,3
2222,3
2223,2
2224,2
2225,2
2226,2
2227,2
2229,2
2230,2
2231,2
2232,2
2233,2
2234,2
2238,2
2239,2
2240,2
2241,2
2242,2
2243,2
2244,2
2246,2
2247,2
2248,2
2249,2
2250,2
2251,2
2253,2
2254,2
2255,2
2256,2
2257,2
2258,2
2260,2
2261,2
2268,2
2269,2
2270,2
2271,2
2272,2
2273,2
2274,2
2275,2
2276,2
2277,2
2278,2
2279,2
2280,2
2281,2
2282,2
2283,2
2284,2
2285,2
2286,2
2287,2
2288,2
2289,2
2290,2
2291,2
2292,2
2293,2
2294,2
2295,2
2296,2
2297,2
2298,2
2299,2
2300,2
2301,2
2302,2
2303,2
2304,2
2305,2
2306,2
2307,2
2308,2
2309,2
2310,2
2311,2
2312,2
2313,2
2314,2
2315,2
2316,2
2317,2
2318,2
2319,2
2320,3
2321,3
2336,1
2337,1
2338,1
2339,1
2340,1
2341,1
2342,1
2343,1
2344,1
2345,1
2347,2
2348,2
2349,2
2350,2
2351,2
2359,2
2361,2
2364,1
2365,1
2366,1
2373,2
2374,1
2384,1
2385,1
2386,1
2387,1
2388,1
2389,1
2391,1
2392,1
2393,1
2394,1
2395,1
2396,1
2399,1
2400,1
2401,1
2402,1
2403,1
2404,1
2405,1
2406,1
2407,1
2408,1
2409,1
2412,1
2413,1
2414,1
2415,1
2416,1
2417,1
2418,1
2419,1
2421,1
2422,1
2423,1
2424,1
2426,1
2427,1
2428,1
2440,1
2441,1
2443,1
2444,1
2445,1
2446,1
2447,1
2449,1
2450,1
2451,1
2452,1
2453,1
2455,1
2456,2
2457,2
2458,1
2459,2
2460,2
2461,2
2462,2
2463,2
2464,1
2465,1
2466,1
2467,1
2468,1
2469,1
2470,1
2472,1
2473,1
2474,1
2475,1
2479,1
2480,1
2481,1
2482,1
2484,1
2485,1
2486,1
2487,1
2488,1
2490,2
2491,2
2492,2
2493,2
2494,2
2495,2
2496,2
2497,2
2498,2
2499,2
2500,2
2501,2
2502,2
2503,2
2504,2
2505,2
2506,2
2507,2
2508,2
2509,2
2510,2
2511,2
2512,2
2513,2
2514,2
2515,2
2516,2
2517,2
2518,2
2519,2
2520,2
2521,2
2522,2
2523,2
2524,2
2525,2
2526,2
2527,2
2528,2
2529,2
2530,2
2531,2
2532,2
2533,2
2534,2
2535,2
2536,2
2537,2
2538,2
2539,2
2540,2
2541,2
2542,2
2543,2
2544,2
2545,2
2546,2
2547,2
2548,2
2549,2
2550,2
2551,2
2552,2
2553,2
2554,2
2555,2
2556,2
2557,2
2558,2
2559,2
2560,2
2561,2
2562,3
2563,3
2564,3
2565,2
2566,2
2567,2
2568,2
2569,2
2570,2
2571,2
2572,2
2573,2
2574,2
2575,3
2576,3
2585,2
2586,2
2587,2
2588,2
2589,2
2590,2
2591,2
2592,2
2595,2
2596,2
2597,2
2598,2
2599,2
2600,2
2603,2
2604,2
2605,2
2606,2
2607,2
2608,2
2611,2
2612,2
2613,2
2614,2
2615,2
2616,2
2619,2
2620,2
2621,2
2641,2
2642,2
2643,2
2644,2
2645,2
2646,2
2648,3
2649,3
2650,3
2651,2
2652,2
2653,2
2654,2
2655,2
2656,2
2657,2
2658,2
2659,2
2660,2
2661,3
2662,3
2663,2
2664,2
2665,2
2666,2
2667,2
2668,2
2669,2
2670,2
2671,2
2672,2
2673,2
2674,3
2675,3
2676,3
2677,2
2678,3
2679,2
2680,2
2681,2
2682,2
2683,2
2684,2
2685,2
2686,2
2687,3
2688,3
2689,3
2690,3
2691,2
2692,2
2693,2
2694,2
2695,2
2696,2
2697,2
2698,2
2699,2
2700,3
2701,3
2702,2
2703,2
2704,2
2705,1
2706,2
2707,2
2708,2
2709,2
2710,2
2711,2
2712,2
2713,2
2717,2
2718,2
2719,2
2720,2
2721,2
2722,2
2723,2
2724,2
2729,2
2730,2
2731,2
2732,2
2733,2
2734,2
2735,2
2736,2
2737,2
2742,2
2743,2
2744,2
2745,2
2746,2
2747,2
2748,2
2749,2
2750,2
2752,2
2753,2
2754,2
2755,2
2756,2
2757,2
2758,2
2759,2
2764,2
2765,2
2766,2
2767,2
2768,2
2769,2
2770,2
2771,2
2772,2
2777,2
2778,3
2779,3
2782,2
2783,2
2784,2
2785,2
2786,2
2787,2
2788,2
2789,2
2790,2
2793,2
2794,2
2795,2
2796,2
2797,2
2798,2
2799,2
2800,2
2801,2
2804,2
2805,2
2806,2
2807,2
2808,2
2809,2
2810,2
2811,2
2812,2
2815,2
2816,2
2817,2
2818,2
2819,2
2820,2
2821,2
2822,2
2823,2
2826,2
2827,2
2828,2
2829,2
2830,2
2831,2
2832,2
2833,2
2834,2
2838,2
2839,2
2840,2
2841,2
2842,2
2843,2
2844,2
2845,2
2846,2
2847,2
2848,2
2849,2
2850,2
2851,2
2852,2
2853,2
2854,2
2855,2
2856,2
2857,2
2858,2
2859,2
2860,2
2861,2
2862,2
2863,2
2864,2
2865,2
2866,2
2867,2
2868,2
2870,2
2871,2
2872,2
2873,2
2874,2
2875,2
2876,2
2877,2
2878,2
2880,2
2881,2
2882,2
2883,2
2884,2
2885,2
2886,2
2887,2
2888,2
2891,2
2892,2
2893,2
2894,2
2895,2
2896,2
2897,2
2898,2
2899,2
2900,2
2901,2
2904,2
2905,2
2906,3
2907,3
2908,2
2909,2
2910,2
2911,2
2912,2
2914,2
2915,2
2916,2
2917,2
2918,2
2920,2
2921,2
2922,2
2949,2
2950,2
2951,2
2952,2
2953,2
2954,2
2955,2
2956,2
2957,2
2958,2
2959,2
2960,2
2961,2
2962,2
2963,2
2973,2
2974,2
2975,2
2976,2
2977,2
2978,2
2979,2
2980,2
2981,2
2982,2
2983,2
2984,2
2985,2
2986,2
2987,2
2988,2
2989,2
2990,2
2991,2
2992,2
2993,2
2994,2
2995,2
2996,2
2997,2
2998,2
2999,2
3000,2
3001,2
3002,2
3003,2
3004,2
3005,2
3006,2
3008,2
3009,2
3010,2
3011,2
3012,2
3013,2
3014,2
3016,2
3017,2
3022,2
3023,2
3024,2
3025,2
3026,2
3027,2
3029,2
3030,2
3031,2
3032,2
3033,2
3034,2
3036,2
3037,2
3038,2
3039,2
3040,2
3041,2
3046,2
3047,2
3048,2
3049,2
3050,2
3051,2
3059,2
3060,2
3061,2
3062,2
3063,2
3064,2
3072,2
3073,2
3074,1
3075,1
3076,1
3077,1
3078,1
3079,1
3080,1
3081,1
3082,1
3085,1
3086,1
3087,1
3088,1
3089,1
3090,1
3091,1
3092,1
3093,1
3094,1
3095,1
3097,1
3098,1
3099,2
3100,2
3101,2
3102,2
3103,2
3104,2
3105,2
3106,2
3107,2
3109,2
3110,2
3111,2
3112,2
3115,1
3116,1
3117,1
3118,1
3119,1
3122,1
3123,1
3124,1
3125,1
3127,2
3128,2
3129,2
3130,2
3131,2
3132,2
3135,2
3136,2
3137,2
3138,2
3139,2
3141,2
3142,2
3143,2
3144,2
3145,2
3146,2
3147,2
3148,2
3149,2
3150,2
3151,2
3152,2
3153,2
3154,2
3155,2
3183,2
3184,2
3185,2
3186,2
3187,2
3188,2
3189,2
3191,2
3192,2
3193,2
3194,2
3195,2
3196,2
3197,2
3201,2
3202,2
3203,2
3204,2
3205,2
3206,2
3207,2
3211,2
3212,2
3239,2
3240,2
3241,2
3242,2
3243,2
3244,2
3245,2
3246,2
3248,2
3249,2
3250,2
3251,2
3252,2
3253,2
3254,2
3255,2
3257,2
3258,2
3259,2
3260,2
3261,2
3262,2
3263,2
3264,2
3267,2
3268,2
3276,2
3277,2
3278,2
3279,2
3280,2
3281,2
3282,2
3283,2
3284,2
3285,2
3286,2
3287,2
3288,2
3289,2
3290,2
3291,2
3292,2
3293,2
3294,2
3295,2
3296,2
3297,2
3298,2
3299,2
3300,2
3301,2
3302,2
3303,2
3304,2
3305,2
3306,2
3307,2
3308,2
3309,2
3310,2
3311,2
3312,2
3313,2
3314,2
3315,2
3316,2
3317,2
3318,2
3319,2
3320,2
3321,2
3322,2
3323,2
3324,2
3325,2
3326,2
3327,2
3328,3
3329,3
3330,2
3331,2
3332,2
3333,2
3334,2
3335,2
3336,2
3337,2
3338,2
3339,1
3340,1
3341,1
3342,1
3343,2
3344,2
3345,2
3346,2
3347,2
3348,2
3349,2
3350,2
3351,1
3352,1
3353,1
3354,1
3355,2
3356,2
3357,2
3358,2
3359,2
3360,2
3361,2
3362,2
3363,2
3364,2
3365,2
3366,2
3367,2
3368,2
3369,2
3370,2
3371,2
3372,2
3373,2
3374,2
3375,2
3376,2
3377,2
3378,2
3379,2
3380,2
3381,2
3382,2
3393,2
3394,2
3395,2
3396,2
3397,2
3398,2
3399,2
3400,2
3401,2
3402,2
3403,2
3404,2
3405,2
3406,2
3407,2
3408,2
3409,2
3410,2
3411,2
3412,2
3413,2
3414,2
3415,2
3416,2
3417,2
3418,2
3419,3
3420,3
3441,2
3442,2
3443,2
3444,2
3445,2
3447,2
3448,2
3449,2
3450,2
3451,2
3453,2
3454,2
3455,2
3456,2
3457,2
3459,2
3460,2
3461,2
3462,2
3463,2
3466,2
3468,2
3469,2
3470,2
3471,2
3472,2
3473,2
3475,2
3476,2
3477,2
3478,2
3479,2
3480,1
3481,1
3482,1
3483,1
3484,1
3485,1
3486,1
3487,1
3488,2
3489,2
3490,2
3491,2
3492,1
3493,1
3494,2
3495,1
3496,1
3497,1
3498,1
3499,1
3500,1
3501,2
3502,2
3503,2
3505,2
3506,2
3508,2
3509,2
3510,2
3519,2
3520,2
3521,1
3522,1
3556,3
3557,3
3558,3
3559,3
3560,2
3561,2
3562,2
3563,2
3564,2
3565,2
3566,2
3567,2
3568,2
3569,2
3570,2
3571,2
3572,2
3573,2
3574,2
3575,2
3576,2
3577,2
3578,2
3579,2
3580,2
3581,2
3582,2
3584,2
3585,2
3586,2
3587,2
3588,2
3589,2
3590,2
3591,2
3592,2
3593,2
3594,2
3595,2
3596,2
3597,2
3598,2
3599,2
3600,2
3601,2
3602,2
3603,2
3604,2
3605,2
3606,2
3607,2
3608,2
3609,2
3610,2
3611,2
3612,2
3613,2
3614,2
3615,2
3618,2
3619,2
3620,2
3621,2
3623,2
3624,2
3625,2
3626,2
3628,2
3629,2
3630,2
3631,2
3633,3
3634,3
3635,2
3636,2
3639,2
3640,2
3641,2
3642,2
3643,2
3644,2
3645,2
3646,2
3647,3
3648,3
3649,2
3652,2
3653,2
3654,2
3655,2
3656,2
3657,2
3658,2
3659,3
3660,3
3661,2
3662,2
3663,2
3664,2
3665,2
3666,2
3667,2
3668,2
3669,2
3670,2
3671,2
3672,2
3673,2
3674,2
3675,2
3676,2
3677,2
3678,2
3679,2
3680,2
3681,2
3682,2
3683,2
3684,2
3685,2
3686,2
3687,2
3688,2
3689,2
3690,2
3691,2
3692,2
3693,2
3694,2
3695,1
3696,1
3697,1
3698,1
3699,1
3700,1
3701,1
3709,2
3710,2
3711,2
3712,2
3713,2
3714,2
3715,2
3716,2
3717,1
3718,1
3719,1
3720,1
3721,1
3722,1
3723,1
3724,2
3725,2
3726,2
3727,2
3728,2
3729,2
3730,2
3731,2
3732,2
3733,2
3734,2
3737,2
3738,2
3739,2
3740,2
3741,2
3742,2
3743,2
3744,2
3745,2
3746,2
3747,2
3750,2
3751,2
3752,2
3753,2
3754,2
3755,2
3756,2
3757,2
3758,2
3759,2
3760,1
3763,1
3764,1
3765,2
3766,2
3767,2
3768,2
3769,2
3770,2
3771,2
3772,2
3775,2
3776,2
3777,2
3778,2
3779,2
3780,2
3781,2
3782,2
3783,2
3784,2
3785,2
3787,2
3788,2
3789,2
3790,2
3791,2
3792,2
3793,2
3794,2
3796,2
3797,2
3798,2
3799,2
3800,2
3801,2
3802,2
3803,2
3806,2
3807,2
3808,2
3809,3
3810,3
3811,2
3812,1
3813,1
3814,1
3815,1
3816,2
3817,1
3818,1
3819,1
3820,1
3821,1
3822,1
3823,1
3824,1
3825,1
3826,1
3827,1
3828,1
3829,1
3830,1
3831,1
3832,1
3833,1
3834,1
3835,1
3836,1
3837,1
3866,1
3867,1
3868,1
3869,1
3870,1
3871,1
3872,1
3873,1
3874,1
3875,1
3876,1
3877,1
3878,1
3879,1
3880,1
3881,1
3882,1
3883,1
3884,1
3885,1
3886,1
3887,1
3888,1
3889,1
3890,1
3891,1
3892,1
3897,1
3898,1
3899,1
3900,1
3901,1
3903,1
3904,1
3906,1
3907,1
3909,1
3910,1
3911,1
3926,1
3927,1
3928,1
3929,1
3930,1
3931,1
3932,1
3933,1
3934,1
3935,1
3936,1
3937,1
3938,2
3939,1
3940,1
3941,1
3942,1
3943,1
3944,1
3945,1
3946,1
3947,1
3948,1
3949,1
3950,2
3951,1
3952,1
3953,1
3954,1
3955,1
3956,1
3957,1
3958,1
3959,1
3960,1
3961,2
3962,2
3963,2
3964,2
3965,2
3966,2
3967,1
3968,1
3969,1
3970,1
3971,1
3972,1
3973,3
3974,3
3975,3
3991,1
3992,1
3993,1
3994,1
3995,1
3996,1
3997,1
3998,1
3999,1
4000,1
4001,1
4002,1
4003,1
4004,1
4005,2
4006,1
4007,1
4008,1
4009,1
4010,1
4011,1
4012,1
4013,1
4014,1
4015,1
4016,1
4017,1
4018,1
4063,2
4064,2
4065,2
4066,2
4067,2
4068,2
4069,2
4070,2
4071,2
4072,2
4073,2
4074,2
4075,2
4077,2
4078,2
4079,2
4080,2
4081,2
4082,2
4083,2
4084,2
4085,2
4086,2
4087,2
4089,2
4090,2
4106,2
4107,2
4108,2
4110,2
4111,2
4112,2
4114,2
4115,2
4116,2
4117,2
4118,2
4120,2
4121,2
4122,2
4124,2
4125,2
4126,2
4128,2
4129,2
4134,2
4135,2
4136,2
4137,2
4138,2
4139,2
4140,2
4141,2
4142,2
4143,2
4144,2
4145,2
4146,2
4147,2
4148,2
4149,2
4150,2
4151,2
4152,2
4153,2
4154,2
4155,2
4156,2
4157,2
4158,2
4159,2
4160,2
4161,2
4163,2
4164,2
4165,2
4166,2
4168,2
4169,2
4170,2
4171,2
4173,2
4174,2
4175,2
4176,2
4178,2
4179,2
4181,2
4182,2
4184,2
4185,2
4194,2
4195,2
4196,2
4197,2
4198,2
4199,2
4200,2
4201,2
4202,2
4203,2
4204,2
4205,2
4206,2
4207,2
4208,2
4209,2
4210,2
4211,2
4212,2
4213,2
4214,2
4215,2
4216,2
4217,2
4218,2
4219,2
4220,2
4221,2
4222,2
4223,2
4224,2
4225,2
4226,2
4227,2
4228,2
4229,2
4230,2
4231,2
4232,2
4233,2
4234,2
4235,2
4236,2
4237,2
4238,2
4239,2
4240,2
4241,2
4242,2
4243,2
4244,2
4245,2
4246,2
4247,2
4248,2
4249,2
4250,2
4251,2
4252,2
4253,2
4254,2
4255,2
4256,2
4257,2
4258,2
4259,2
4260,3
4270,2
4273,2
4275,2
4278,2
4279,2
4280,2
4287,2
4288,2
4290,2
4291,2
4293,2
4294,2
4296,2
4297,2
4299,2
4300,2
4304,2
4305,2
4306,2
4307,2
4308,2
4309,2
4310,2
4311,2
4313,3
4314,3
4315,3
4316,3
4317,3
4318,3
4319,3
4320,3
4321,2
4322,3
4323,2
4324,2
4325,2
4327,2
4328,2
4329,2
4331,2
4332,2
4333,2
4335,2
4336,2
4351,2
4352,2
4353,2
4354,2
4355,2
4356,2
4357,2
4358,2
4359,2
4360,2
4361,2
4362,2
4363,2
4364,2
4365,2
4366,2
4367,2
4368,2
4369,2
4370,2
4371,2
4372,2
4373,2
4374,2
4375,2
4376,2
4377,2
4378,2
4379,2
4380,2
4381,2
4382,2
4383,2
4384,2
4385,2
4386,2
4387,2
4388,2
4389,2
4390,2
4391,2
4392,2
4393,2
4394,2
4395,2
4396,2
4397,2
4398,2
4399,2
4400,2
4401,2
4402,2
4403,3
4404,3
4405,2
4406,2
4407,2
4409,2
4410,2
4411,2
4413,2
4414,2
4415,2
4417,2
4418,2
4419,2
4426,2
4434,2
4435,2
4436,2
4437,2
4438,2
4439,2
4440,2
4441,2
4442,2
4443,2
4444,2
4445,2
4446,2
4447,2
4448,2
4449,2
4450,2
4451,2
4452,2
4453,2
4454,2
4455,2
4456,2
4457,2
4458,2
4459,3
4460,3
4461,2
4462,2
4463,2
4465,2
4466,2
4467,2
4470,2
4471,2
4472,2
4475,2
4476,2
4477,2
4481,2
4482,2
4486,2
4487,2
4488,2
4492,3
4493,3
4504,2
4505,2
4506,2
4507,2
4508,2
4511,2
4512,2
4513,2
4514,2
4515,2
4524,2
4525,2
4526,2
4527,2
4528,2
4536,3
4538,2
4539,2
4540,2
4542,2
4543,2
4544,2
4547,2
4548,2
4550,2
4551,2
4552,2
4555,2
4556,2
4558,2
4559,2
4560,2
4563,2
4564,2
4566,3
4567,3
4568,2
4569,2
4570,2
4571,2
4572,2
4573,2
4574,2
4587,2
4588,2
4589,2
4593,2
4594,2
4595,2
4599,2
4600,2
4601,2
4605,2
4606,2
4607,2
4609,2
4610,2
4611,2
4615,2
4616,2
4617,2
4621,2
4622,2
4623,2
4629,2
4630,2
4631,2
4632,2
4633,2
4634,2
4635,2
4637,2
4638,2
4639,2
4640,2
4641,2
4642,2
4643,2
4645,2
4646,2
4647,2
4648,2
4649,2
4650,2
4651,2
4653,2
4654,2
4655,2
4656,2
4657,2
4658,2
4659,2
4661,3
4662,3
4663,2
4664,2
4665,2
4666,2
4667,2
4668,2
4669,2
4670,2
4671,2
4672,2
4673,2
4674,2
4675,2
4676,2
4677,2
4678,2
4679,2
4680,2
4681,2
4682,2
4683,2
4684,2
4685,2
4686,2
4687,2
4688,2
4689,2
4690,2
4691,2
4692,2
4693,3
4694,3
4695,2
4696,2
4697,2
4698,2
4699,2
4700,2
4701,2
4702,2
4703,2
4704,2
4705,2
4706,2
4707,2
4708,2
4709,2
4710,2
4711,2
4712,2
4713,2
4714,2
4715,2
4716,2
4717,2
4718,2
4719,2
4720,2
4721,2
4722,2
4723,2
4724,2
4725,2
4726,2
4727,2
4728,2
4729,2
4730,2
4731,2
4732,2
4733,2
4734,2
4735,2
4736,2
4737,2
4738,2
4739,2
4740,2
4741,2
4742,2
4743,2
4744,2
4745,2
4746,2
4747,2
4748,2
4749,2
4750,2
4751,2
4752,2
4753,2
4754,2
4755,2
4756,2
4757,2
4758,2
4759,2
4760,2
4761,3
4762,1
4763,1
4764,1
4765,1
4766,1
4767,1
4768,1
4769,1
4770,1
4771,1
4772,1
4773,1
4774,1
4775,1
4776,1
4777,1
4778,1
4779,1
4780,1
4781,1
4782,1
4783,1
4784,1
4785,1
4786,2
4789,2
4790,2
4791,2
4792,2
4793,2
4794,2
4795,2
4796,2
4797,1
4798,1
4799,2
4802,2
4803,2
4804,2
4805,2
4806,2
4807,2
4808,2
4809,2
4810,1
4811,1
4812,2
4815,2
4816,2
4817,2
4818,2
4819,2
4820,2
4821,2
4822,2
4823,2
4824,2
4825,3
4826,3
4827,2
4828,2
4829,2
4830,2
4831,2
4832,2
4834,2
4835,2
4836,2
4837,2
4838,2
4839,2
4841,1
4842,1
4843,1
4844,1
4845,1
4846,1
4850,1
4851,1
4852,1
4853,1
4854,1
4855,1
4859,1
4860,1
4863,1
4864,1
4865,1
4866,1
4867,1
4868,1
4869,1
4870,1
4871,1
4872,1
4873,1
4874,1
4875,1
4876,2
4877,1
4878,1
4879,1
4880,1
4881,1
4882,1
4883,1
4884,1
4885,1
4886,1
4887,1
4888,1
4889,2
4890,2
4891,2
4892,1
4893,1
4894,1
4895,1
4896,1
4897,1
4898,1
4899,1
4900,1
4901,1
4902,1
4903,1
4904,2
4905,1
4906,1
4907,1
4908,1
4911,1
4913,2
4914,2
4915,2
4916,2
4917,2
4918,2
4921,2
4924,2
4925,2
4926,2
4927,2
4928,2
4929,2
4932,2
4933,2
4934,2
4935,2
4936,2
4937,2
4938,2
4939,2
4940,2
4941,2
4942,1
4943,1
4944,1
4945,1
4946,1
4947,1
4948,1
4949,1
4950,1
4951,1
4952,1
4953,1
4954,1
4955,1
4956,2
4957,2
4958,2
4959,1
4960,2
4961,2
4962,2
4963,1
4964,2
4965,2
4966,1
4967,2
4968,1
4969,1
4970,1
5004,1
5005,1
5006,1
5007,1
5008,1
5027,2
5028,2
5029,2
5030,2
5031,2
5032,2
5033,2
5034,2
5035,1
5036,1
5037,1
5038,1
5039,1
5040,2
5041,2
5042,2
5043,2
5044,2
5045,2
5046,2
5047,2
5048,1
5049,1
5050,1
5051,1
5052,1
5053,2
5054,2
5055,2
5056,2
5057,2
5058,2
5059,2
5060,2
5061,1
5062,1
5063,1
5064,1
5065,1
5066,2
5067,2
5068,3
5084,2
5085,2
5086,2
5087,2
5088,2
5091,2
5092,2
5093,2
5094,2
5095,2
5097,2
5098,2
5099,2
5100,2
5101,2
5103,2
5104,2
5105,2
5106,2
5107,2
5110,1
5111,1
5112,1
5115,2
5116,2
5117,2
5120,2
5121,2
5123,2
5124,2
5127,2
5128,2
5131,2
5132,2
5133,2
5134,2
5135,2
5136,2
5137,2
5138,2
5139,2
5140,1
5141,1
5142,1
5143,1
5144,1
5145,1
5146,2
5147,2
5148,2
5149,2
5150,2
5151,2
5152,1
5153,1
5154,1
5155,1
5156,1
5157,1
5158,2
5159,2
5160,2
5161,2
5162,2
5163,2
5164,2
5165,2
5166,2
5167,2
5168,1
5169,1
5170,1
5171,1
5172,1
5173,1
5174,1
5175,1
5190,2
5191,2
5192,2
5193,2
5194,2
5195,2
5196,2
5197,2
5198,2
5199,2
5200,2
5201,2
5202,2
5203,2
5204,2
5205,2
5206,2
5207,2
5208,2
5209,2
5210,2
5211,2
5212,2
5213,2
5214,2
5215,2
5216,2
5217,2
5218,2
5219,2
5220,2
5221,2
5222,2
5223,2
5224,2
5225,2
5226,2
5227,2
5228,2
5229,2
5230,2
5231,2
5243,2
5244,1
5245,1
5246,1
5247,1
5248,1
5249,1
5250,1
5251,1
5252,1
5253,1
5254,1
5255,1
5256,2
5257,2
5258,2
5259,2
5260,1
5261,2
5262,1
5263,1
5264,1
5265,1
5266,1
5267,1
5268,1
5269,2
5270,2
5271,1
5272,1
5273,1
5274,1
5275,1
5276,1
5277,1
5278,1
5279,1
5280,1
5281,1
5282,1
5283,1
5284,1
5285,1
5286,1
5287,1
5288,1
5289,1
5290,1
5291,1
5292,1
5293,1
5294,1
5295,1
5296,1
5297,1
5298,1
5299,1
5300,1
5301,1
5302,1
5303,1
5304,1
5305,1
5306,1
5307,1
5308,1
5311,1
5312,1
5313,1
5314,1
5315,1
5316,1
5317,1
5318,1
5319,1
5320,1
5323,1
5324,1
5325,1
5326,1
5327,2
5328,1
5329,1
5330,1
5331,1
5332,1
5335,1
5336,1
5337,1
5338,1
5339,2
5340,2
5341,2
5342,2
5343,2
5344,2
5345,2
5348,1
5349,1
5350,1
5351,1
5352,2
5353,2
5354,2
5355,2
5356,2
5357,2
5358,2
5359,2
5360,2
5363,2
5364,2
5365,2
5366,2
5367,2
5368,2
5369,2
5370,2
5371,2
5375,2
5376,2
5377,2
5378,2
5379,2
5380,2
5381,2
5382,2
5383,2
5385,2
5386,2
5387,2
5388,2
5389,1
5390,1
5391,1
5392,1
5393,1
5398,1
5399,1
5400,2
5401,2
5402,2
5403,2
5404,2
5405,2
5406,2
5407,2
5408,2
5410,1
5411,1
5412,1
5413,1
5414,1
5415,1
5416,1
5417,1
5418,1
5419,1
5420,1
5421,1
5422,1
5423,1
5424,1
5425,1
5426,1
5427,1
5428,1
5429,1
5430,1
5431,1
5432,1
5433,1
5434,1
5435,1
5436,1
5437,1
5438,1
5439,1
5440,1
5441,1
5442,1
5443,1
5444,1
5445,1
5446,1
5447,2
5448,1
5449,1
5450,1
5451,1
5452,1
5453,1
5454,1
5455,2
5456,2
5457,2
5458,2
5459,1
5460,1
5461,1
5462,1
5463,1
5464,1
5465,1
5466,1
5467,2
5468,2
5469,2
5478,2
5479,2
5480,2
5481,2
5482,2
5483,2
5485,1
5486,1
5487,1
5488,1
5489,1
5490,1
5491,1
5492,1
5493,1
5494,1
5495,1
5496,1
5497,1
5498,1
5499,1
5500,1
5501,1
5502,1
5503,1
5504,1
5505,1
5506,1
5507,1
5508,1
5509,1
5510,1
5511,1
5512,1
5513,1
5514,1
5515,1
5516,1
5517,1
5518,1
5519,1
5520,1
5521,1
5522,1
5523,1
5524,2
5525,2
5526,2
5527,2
5528,1
5529,2
5530,2
5531,2
5532,2
5533,1
5534,1
5535,2
5536,1
5537,1
5538,1
5539,1
5540,1
5541,1
5542,1
5543,1
5544,1
5545,1
5546,1
5547,1
5548,1
5549,1
5550,1
5551,1
5552,1
5553,1
5554,1
5555,1
5556,1
5557,1
5558,1
5559,2
5560,1
5561,1
5562,1
5563,1
5564,1
5565,1
5566,1
5567,1
5568,1
5569,1
5570,1
5571,1
5572,1
5573,1
5574,2
5575,2
5576,2
5578,2
5579,2
5581,2
5582,2
5583,2
5585,2
5586,2
5588,2
5589,2
5590,1
5591,1
5592,1
5593,1
5594,1
5595,1
5596,1
5597,1
5598,1
5599,1
5600,1
5601,1
5602,1
5603,1
5604,1
5605,2
5606,2
5607,1
5608,1
5609,1
5610,1
5611,1
5612,1
5613,1
5614,1
5615,1
5616,1
5617,1
5618,1
5619,1
5620,1
5621,1
5622,1
5623,1
5624,1
5625,1
5626,1
5627,1
5628,1
5629,1
5630,1
5646,2
5647,2
5648,2
5649,2
5650,2
5651,2
5654,1
5655,1
5656,1
5657,1
5658,1
5659,2
5660,2
5661,2
5662,2
5663,2
5666,1
5667,1
5668,1
5669,1
5670,1
5671,2
5672,2
5673,2
5674,2
5675,2
5676,2
5678,2
5679,2
5680,2
5681,2
5682,2
5683,2
5685,2
5686,2
5687,2
5688,2
5689,2
5690,2
5692,2
5693,2
5694,2
5695,2
5696,2
5697,2
5698,2
5700,1
5702,2
5703,2
5704,2
5705,2
5706,2
5707,2
5708,2
5709,2
5711,1
5713,1
5714,1
5715,2
5723,2
5724,2
5725,2
5726,2
5727,2
5728,2
5729,2
5730,2
5731,2
5732,2
5734,2
5735,2
5736,2
5737,2
5738,2
5739,2
5740,2
5741,2
5742,2
5743,2
5745,2
5746,2
5747,2
5748,2
5749,2
5750,2
5751,2
5752,2
5753,2
5754,2
5757,2
5758,2
5759,2
5760,2
5761,2
5762,2
5763,2
5764,2
5765,2
5766,2
5767,2
5770,2
5771,3
5772,2
5773,2
5774,2
5775,2
5776,2
5778,2
5779,2
5780,2
5781,2
5783,2
5784,2
5785,2
5786,2
5787,2
5789,2
5790,2
5791,2
5792,2
5793,2
5795,2
5796,2
5797,1
5798,1
5799,1
5800,1
5801,1
5802,1
5803,1
5804,1
5805,1
5806,1
5808,1
5809,1
5810,1
5811,1
5812,1
5813,1
5814,1
5815,1
5816,1
5817,1
5819,2
5820,2
5821,2
5822,2
5823,2
5824,2
5825,2
5826,2
5827,2
5828,2
5831,3
5845,2
5846,2
5847,2
5848,2
5849,2
5850,2
5851,2
5852,2
5853,2
5854,2
5856,2
5857,2
5858,2
5859,2
5860,2
5861,2
5862,2
5863,2
5864,2
5865,2
5867,2
5868,2
5869,2
5870,2
5871,2
5872,2
5873,2
5874,2
5875,2
5876,2
5879,2
5880,2
5881,3
5882,2
5883,2
5884,2
5885,2
5886,2
5887,2
5888,2
5889,2
5890,2
5891,2
5892,2
5893,2
5894,2
5895,2
5896,2
5897,2
5898,2
5899,2
5900,2
5901,2
5902,2
5903,2
5904,2
5905,2
5906,2
5907,3
5908,3
5909,3
5910,3
5911,3
5912,3
5913,3
5914,3
5915,3
5916,3
5917,3
5918,2
5919,2
5920,3
5921,3
5922,2
5923,2
5924,2
5925,2
5926,2
5927,2
5928,2
5930,2
5931,2
5932,2
5933,2
5934,2
5935,2
5936,2
5938,2
5939,2
5940,2
5941,2
5944,2
5946,2
5947,2
5950,2
5952,2
5953,2
5956,2
5958,2
5959,2
5962,2
5964,2
5965,2
5966,2
5967,3
5968,2
5969,2
5970,2
5971,2
5973,2
5974,2
5975,2
5977,2
5978,2
5979,2
5981,2
5982,2
5983,2
5984,2
5985,2
5986,2
5987,2
5988,2
5989,2
5990,2
5991,2
5992,2
5993,2
5994,2
5995,2
5996,2
5997,2
5998,2
5999,2
6000,2
6001,2
6002,2
6003,2
6004,2
6005,2
6006,2
6007,2
6008,2
6009,3
6010,3
6011,2
6012,2
6013,2
6014,2
6015,2
6016,2
6017,2
6018,2
6019,2
6020,2
6021,2
6022,2
6023,2
6024,2
6025,2
6026,2
6027,2
6028,2
6029,2
6030,2
6031,2
6032,2
6033,2
6034,2
6035,2
6036,2
6037,2
6038,2
6039,2
6040,2
6041,2
6042,2
6043,2
6044,2
6045,2
6046,2
6047,2
6048,2
6049,2
6050,3
6051,3
6052,2
6053,2
6055,2
6056,2
6058,2
6059,2
6060,2
6061,2
6062,2
6063,2
6065,2
6066,2
6067,2
6069,2
6070,2
6071,2
6072,2
6073,2
6074,2
6075,2
6076,2
6077,2
6078,2
6079,2
6080,2
6081,2
6082,2
6083,2
6084,2
6085,2
6086,2
6087,2
6088,2
6089,2
6090,2
6091,2
6092,2
6093,2
6094,2
6095,2
6096,2
6097,2
6098,2
6099,2
6100,2
6101,2
6102,2
6103,2
6104,2
6105,2
6106,2
6107,2
6108,2
6109,2
6110,2
6111,2
6112,2
6113,2
6114,2
6115,2
6116,2
6117,2
6118,2
6119,2
6120,2
6121,2
6122,2
6123,2
6124,2
6125,2
6126,2
6127,2
6128,2
6129,2
6130,2
6131,2
6132,2
6133,2
6134,2
6135,2
6136,2
6137,2
6138,2
6139,2
6140,2
6141,2
6142,2
6143,2
6144,2
6145,2
6146,3
6147,3
6148,2
6149,2
6150,2
6151,2
6152,2
6153,2
6154,2
6155,2
6156,2
6157,2
6158,2
6159,2
6160,2
6161,2
6175,2
6176,2
6177,2
6180,1
6181,1
6182,2
6183,1
6184,1
6185,1
6186,1
6187,1
6188,1
6230,2
6231,2
6232,2
6233,2
6234,2
6235,2
6236,2
6237,2
6238,2
6239,2
6240,2
6241,2
6242,2
6243,2
6244,2
6245,2
6246,2
6247,2
6248,2
6249,2
6250,2
6251,2
6252,2
6253,2
6254,2
6255,2
6256,2
6257,2
6258,2
6259,2
6260,2
6261,2
6262,2
6263,2
6264,2
6265,2
6266,2
6267,2
6268,2
6269,2
6270,2
6271,2
6272,2
6273,2
6274,2
6275,2
6276,2
6277,2
6278,2
6279,2
6280,2
6281,2
6282,3
6283,3
6284,2
6285,2
6286,2
6287,2
6288,2
6289,2
6290,2
6291,2
6292,2
6293,2
6294,2
6295,2
6296,2
6299,2
6301,2
6302,2
6303,2
6304,2
6305,2
6306,2
6309,2
6312,2
6313,2
6314,2
6315,2
6316,2
6317,2
6318,2
6319,2
6320,2
6321,2
6323,2
6324,2
6325,2
6326,2
6327,2
6328,2
6330,2
6331,2
6332,2
6334,2
6336,1
6337,1
6377,2
6378,2
6379,2
6380,2
6381,2
6382,2
6384,2
6385,2
6386,2
6387,2
6388,2
6389,2
6391,2
6392,2
6393,2
6394,2
6395,2
6396,2
6399,2
6401,2
6402,2
6403,2
6404,2
6405,2
6406,2
6409,2
6426,2
6427,2
6428,2
6429,2
6430,2
6431,2
6440,2
6441,2
6442,2
6443,2
6444,2
6445,2
6446,2
6447,2
6448,2
6449,2
6450,2
6451,2
6452,2
6453,2
6454,2
6455,2
6456,2
6457,2
6458,2
6459,2
6460,2
6461,2
6462,2
6463,2
6464,2
6465,2
6466,2
6467,2
6468,2
6469,2
6470,2
6471,2
6472,2
6473,2
6474,2
6475,2
6476,2
6477,2
6478,2
6479,2
6480,2
6481,2
6482,2
6483,2
6484,2
6485,2
6486,2
6487,2
6488,2
6489,2
6490,2
6491,2
6492,2
6493,2
6494,2
6495,2
6496,2
6497,2
6498,2
6499,2
6500,2
6501,2
6502,2
6503,2
6504,2
6505,2
6506,2
6507,2
6508,2
6509,2
6510,2
6511,2
6512,2
6513,2
6514,2
6515,2
6516,2
6517,2
6518,2
6519,2
6520,2
6521,2
6522,2
6523,2
6524,2
6525,2
6526,2
6527,2
6528,2
6529,1
6530,2
6531,2
6532,1
6533,1
6534,1
6535,1
6536,1
6537,1
6538,1
6539,1
6540,1
6541,1
6542,1
6543,1
6544,1
6545,1
6546,1
6547,1
6548,1
6549,1
6550,1
6551,1
6552,1
6553,1
6554,1
6555,1
6556,1
6557,1
6558,1
6570,3
6571,3
6572,3
6573,3
6574,3
6575,2
6576,2
6577,2
6578,2
6580,3
6581,3
6582,3
6583,3
6584,3
6585,3
6586,2
6587,2
6588,2
6590,3
6591,3
6592,3
6593,3
6594,3
6595,3
6596,2
6597,2
6598,2
6600,3
6601,3
6602,3
6603,2
6604,2
6605,2
6606,2
6607,2
6608,2
6609,2
6610,2
6611,2
6612,2
6613,2
6614,2
6615,2
6616,2
6617,2
6618,2
6619,2
6620,2
6621,2
6622,2
6623,2
6624,2
6625,2
6626,2
6627,2
6628,2
6629,2
6630,2
6631,2
6632,2
6633,2
6634,2
6635,2
6636,2
6637,2
6638,2
6639,2
6640,2
6641,2
6642,2
6643,2
6644,2
6645,2
6646,2
6647,2
6648,2
6649,2
6650,2
6651,2
6652,2
6653,2
6654,2
6655,3
6656,3
6657,2
6658,2
6659,2
6660,2
6661,2
6663,2
6664,2
6665,2
6666,2
6667,2
6669,3
6670,3
6671,2
6672,2
6673,2
6674,2
6675,2
6676,2
6677,2
6678,2
6679,2
6680,2
6681,2
6682,2
6683,2
6684,2
6685,2
6686,2
6687,2
6688,2
6689,2
6690,2
6691,2
6692,2
6693,2
6694,2
6695,2
6696,2
6697,3
6698,3
6699,2
6700,2
6701,2
6702,2
6703,2
6704,2
6705,2
6706,2
6707,2
6708,2
6709,2
6710,2
6711,3
6712,3
6713,2
6714,2
6715,2
6716,2
6717,2
6718,2
6719,2
6720,2
6721,2
6722,2
6723,2
6724,2
6725,2
6726,2
6727,2
6728,3
6729,3
6730,3
6731,3
6732,3
6733,3
6734,3
6735,3
6736,3
6738,2
6739,2
6740,2
6741,2
6742,2
6743,2
6744,2
6745,2
6746,2
6747,2
6748,2
6749,2
6750,2
6751,2
6752,2
6753,2
6754,2
6755,2
6756,2
6757,2
6758,2
6759,2
6760,2
6761,2
6762,2
6763,2
6764,2
6765,2
6766,2
6767,2
6768,2
6769,2
6770,2
6771,2
6772,2
6773,2
6774,3
6775,3
6776,3
6777,2
6778,2
6779,2
6780,2
6781,2
6782,2
6783,2
6784,2
6787,3
6788,3
6789,2
6790,3
6791,2
6792,2
6793,2
6794,2
6795,2
6796,2
6797,2
6798,2
6799,3
6800,3
6801,3
6802,2
6803,3
6804,2
6805,2
6806,2
6807,2
6808,2
6809,2
6810,2
6811,3
6812,3
6813,3
6829,2
6830,2
6831,1
6832,1
6833,1
6834,1
6835,1
6836,1
6837,1
6838,1
6839,1
6840,1
6841,1
6842,1
6843,1
6867,2
6868,1
6869,1
6870,1
6871,1
6872,1
6873,1
6874,1
6875,1
6876,1
6877,1
6878,2
6879,2
6880,1
6881,1
6882,1
6883,1
6884,1
6885,1
6886,1
6887,1
6888,1
6889,3
6890,3
6891,3
6913,3
6914,2
6915,2
6916,1
6917,1
6918,1
6919,1
6920,1
6922,3
6923,2
6924,2
6925,1
6926,1
6927,1
6928,1
6929,1
6931,3
6932,3
6933,3
6947,3
6948,2
6949,2
6950,2
6951,2
6952,2
6953,2
6954,2
6955,2
6956,2
6957,2
6958,2
6959,2
6960,3
6961,2
6962,2
6963,2
6964,2
6965,2
6966,2
6967,2
6968,2
6969,2
6970,2
6971,2
6972,2
6973,3
6974,3
6988,2
6989,2
6990,2
6991,2
6992,2
6993,2
6994,2
6995,2
6996,2
6997,2
6998,2
6999,2
7000,2
7001,2
7002,2
7003,2
7004,2
7005,2
7006,2
7007,2
7008,2
7009,1
7010,1
7011,1
7012,2
7013,2
7014,2
7015,2
7016,2
7017,2
7018,2
7019,2
7020,2
7021,2
7022,2
7023,2
7024,3
7025,3
7026,3
7040,2
7041,2
7043,2
7044,2
7045,2
7046,2
7047,2
7048,2
7049,2
7050,2
7051,2
7052,2
7053,3
7054,3
7055,3
7056,3
7057,3
7058,3
7059,3
7060,3
7061,3
7062,3
7063,2
7064,2
7065,2
7066,2
7067,2
7068,2
7069,2
7070,2
7071,2
7072,2
7073,2
7074,2
7075,2
7076,2
7077,2
7078,2
7079,2
7080,2
7081,2
7082,2
7083,2
7084,2
7085,2
7086,2
7087,2
7088,2
7089,2
7090,2
7091,2
7092,2
7093,2
7094,2
7095,2
7096,2
7097,2
7098,2
7099,2
7100,2
7101,2
7102,2
7103,2
7104,3
7105,3
7106,2
7107,2
7108,2
7110,2
7111,2
7112,2
7113,2
7114,2
7115,2
7116,2
7117,2
7118,2
7120,3
7121,3
7122,3
7123,3
7124,3
7125,3
7126,3
7127,3
7128,3
7129,2
7130,2
7146,2
7147,2
7148,2
7149,2
7150,2
7151,2
7152,2
7153,2
7154,2
7155,2
7156,2
7157,2
7158,2
7159,2
7160,2
7161,2
7162,2
7163,2
7164,2
7165,2
7166,2
7167,2
7168,2
7169,2
7170,3
7171,3
7172,3
7190,2
7191,2
7192,2
7193,2
7194,2
7195,2
7196,2
7197,2
7198,2
7199,2
7200,2
7202,2
7203,2
7204,2
7205,2
7206,2
7207,2
7208,2
7209,2
7210,2
7211,2
7212,2
7214,2
7215,2
7216,2
7217,2
7218,2
7219,2
7220,2
7221,2
7222,2
7223,2
7224,2
7227,2
7228,2
7229,2
7230,2
7231,2
7232,2
7233,2
7234,2
7235,2
7236,2
7237,2
7240,3
7241,3
7242,2
7243,2
7244,2
7245,2
7251,2
7252,2
7253,2
7254,2
7255,2
7256,2
7257,2
7258,2
7264,2
7265,2
7266,2
7267,2
7268,2
7269,2
7270,2
7271,2
7277,2
7278,2
7279,2
7280,2
7281,2
7282,2
7283,2
7284,2
7290,2
7291,2
7292,2
7293,2
7294,3
7295,3
7309,2
7310,2
7311,2
7312,2
7313,2
7314,2
7315,2
7316,2
7317,2
7318,2
7319,2
7320,2
7321,2
7322,2
7323,2
7324,2
7325,2
7326,2
7327,2
7328,2
7329,2
7330,2
7331,2
7332,2
7333,2
7334,2
7335,2
7336,2
7337,2
7338,2
7339,2
7340,2
7341,2
7342,2
7343,2
7344,2
7345,2
7346,2
7347,2
7348,2
7349,2
7350,3
7351,3
7352,2
7353,2
7354,2
7355,2
7356,2
7357,2
7358,2
7359,2
7360,2
7361,2
7362,2
7363,3
7364,3
7365,2
7366,2
7367,2
7368,2
7369,2
7370,2
7371,2
7372,2
7373,2
7374,2
7375,2
7376,2
7377,2
7378,2
7379,2
7380,2
7381,2
7382,2
7383,2
7384,2
7385,2
7386,2
7387,2
7388,2
7389,2
7390,2
7391,3
7392,3
7393,2
7394,2
7395,2
7396,2
7397,2
7398,2
7399,2
7400,2
7401,2
7402,2
7403,2
7404,2
7405,2
7406,2
7407,2
7408,2
7409,2
7410,2
7411,2
7412,2
7413,2
7414,2
7415,2
7416,2
7417,2
7418,2
7419,2
7420,2
7421,2
7422,2
7423,2
7424,2
7425,2
7426,2
7427,2
7428,2
7429,2
7430,2
7431,2
7432,2
7433,2
7434,2
7435,2
7463,2
7464,2
7465,2
7466,2
7467,2
7468,2
7469,2
7470,2
7471,2
7472,2
7473,2
7474,2
7475,2
7476,2
7477,2
7478,2
7479,2
7480,2
7481,2
7482,2
7483,2
7484,2
7485,2
7486,2
7487,2
7488,2
7489,3
7490,3
7491,3
7492,2
7493,2
7494,2
7495,2
7496,2
7497,2
7498,2
7499,2
7500,2
7501,2
7502,3
7503,2
7504,3
7505,2
7506,2
7507,2
7508,2
7509,2
7510,2
7511,2
7512,2
7513,2
7514,2
7515,3
7516,3
7517,2
7518,2
7519,2
7520,2
7521,2
7522,2
7523,2
7524,2
7525,2
7526,2
7527,2
7528,3
7529,3
7530,2
7531,2
7532,2
7533,2
7534,2
7535,2
7536,2
7537,2
7538,2
7539,2
7541,2
7558,2
7559,2
7560,2
7561,2
7562,2
7563,2
7564,2
7565,2
7566,2
7567,2
7568,2
7569,2
7570,2
7571,2
7572,2
7573,2
7574,2
7575,2
7576,2
7577,2
7578,2
7579,2
7580,2
7581,2
7582,2
7583,2
7584,2
7585,2
7600,2
7601,2
7602,2
7603,2
7604,2
7605,2
7606,2
7607,2
7608,2
7609,2
7610,2
7611,2
7612,2
7613,2
7614,2
7615,2
7616,2
7617,2
7618,2
7619,2
7620,2
7621,2
7624,2
7625,2
7626,2
7627,2
7628,2
7629,2
7630,2
7631,2
7632,2
7633,2
7634,2
7636,2
7637,2
7638,2
7639,2
7640,2
7641,2
7642,2
7645,2
7646,2
7647,2
7648,2
7649,3
7650,3
7651,2
7652,2
7653,2
7654,2
7655,2
7656,2
7657,2
7658,2
7659,2
7660,2
7661,2
7662,2
7663,2
7664,2
7665,2
7666,2
7667,2
7668,2
7669,2
7670,2
7671,2
7672,2
7673,2
7674,2
7675,2
7676,2
7677,3
7678,3
7679,2
7680,2
7681,2
7682,2
7683,2
7684,2
7685,2
7686,2
7687,2
7688,2
7689,2
7690,2
7691,2
7692,2
7693,2
7694,2
7695,2
7696,2
7697,2
7698,2
7699,2
7700,2
7701,2
7702,2
7703,2
7704,2
7705,2
7706,2
7707,2
7708,2
7709,2
7710,2
7711,2
7712,2
7713,2
7714,2
7715,2
7716,2
7717,2
7718,3
7719,3
7720,3
7721,3
7722,3
7723,3
7724,3
7725,3
7726,3
7727,3
7728,3
7729,3
7730,3
7731,2
7732,3
7733,3
7734,3
7735,3
7736,3
7737,3
7738,3
7739,3
7740,3
7741,3
7742,3
7743,2
7744,3
7745,3
7746,3
7747,2
7748,2
7749,2
7750,2
7751,2
7752,2
7753,2
7754,2
7755,2
7757,2
7758,2
7759,2
7760,2
7761,2
7762,2
7763,2
7764,2
7765,2
7767,3
7768,3
7769,2
7770,2
7771,2
7772,2
7773,2
7774,2
7775,2
7776,2
7777,2
7778,2
7779,2
7780,2
7781,2
7782,2
7783,2
7784,2
7785,2
7786,2
7787,2
7788,2
7789,2
7790,2
7791,2
7792,2
7793,2
7794,2
7795,2
7796,2
7797,2
7798,2
7799,2
7800,2
7801,2
7802,2
7803,2
7804,2
7805,3
7806,3
7807,3
7808,2
7809,2
7810,2
7811,2
7812,2
7813,2
7814,2
7815,2
7816,2
7817,2
7818,2
7819,2
7820,2
7821,2
7822,2
7823,2
7824,2
7825,2
7826,2
7827,2
7828,2
7829,2
7830,2
7831,2
7832,3
7833,3
7834,3
7835,2
7836,2
7837,2
7838,2
7839,2
7840,2
7849,2
7850,2
7851,2
7852,2
7853,2
7854,2
7855,2
7856,2
7857,2
7858,2
7859,2
7860,2
7861,2
7862,2
7863,2
7869,2
7870,2
7871,2
7872,2
7873,2
7874,2
7875,2
7876,2
7877,2
7878,2
7879,2
7880,2
7881,2
7882,2
7883,2
7884,2
7885,2
7886,2
7887,2
7888,2
7889,2
7890,2
7891,2
7892,2
7893,2
7894,2
7895,2
7896,2
7897,3
7898,2
7899,2
7900,2
7901,2
7902,2
7903,2
7904,2
7905,2
7906,2
7907,2
7908,2
7909,2
7910,2
7911,3
7912,2
7913,2
7914,2
7915,2
7916,2
7917,2
7918,2
7919,2
7920,2
7921,2
7922,2
7923,3
7924,3
7925,2
7926,2
7927,2
7928,2
7929,2
7930,2
7931,2
7932,2
7933,2
7934,2
7935,2
7936,3
7937,3
7951,3
7952,3
7953,3
7954,3
7955,3
7956,3
7957,3
7958,3
7959,3
7960,3
7961,3
7962,3
7963,3
7964,3
7965,3
7966,2
7967,2
7968,2
7969,2
7970,3
7971,3
7972,3
7973,3
7974,3
7975,2
7976,3
7977,2
7978,2
7979,2
7980,2
7981,2
7982,2
7983,3
7984,3
7985,3
7986,3
7987,3
7988,3
7989,3
7990,2
7991,2
7992,2
7993,2
7994,2
7995,2
7996,3
7997,3
8037,2
8038,2
8039,3
8040,2
8041,2
8042,2
8043,2
8044,2
8045,2
8046,2
8047,2
8048,2
8049,2
8050,2
8051,2
8052,2
8053,2
8054,2
8055,2
8056,2
8057,2
8058,2
8059,2
8060,2
8061,2
8062,2
8063,2
8064,2
8065,2
8066,2
8067,2
8068,2
8069,2
8070,2
8071,2
8072,2
8073,2
8074,2
8075,2
8076,2
8077,2
8078,2
8079,2
8080,2
8081,2
8082,2
8083,2
8084,2
8085,2
8086,2
8087,2
8088,2
8089,2
8090,2
8091,2
8092,2
8093,2
8094,2
8095,2
8096,2
8097,2
8098,2
8099,2
8100,2
8101,2
8102,2
8103,2
8238,2
8239,2
8240,2
8241,2
8242,2
8243,2
8244,2
8245,2
8246,2
8247,2
8248,2
8249,2
8250,2
8251,2
8252,2
8265,2
8266,2
8267,2
8268,2
8269,2
8270,2
8271,2
8272,2
8273,2
8274,2
8275,2
8276,2
8277,2
8278,2
8279,2
8280,2
8281,2
8282,2
8283,2
8284,2
8285,2
8286,2
8287,2
8288,2
8289,2
8290,2
8291,3
8356,2
8357,2
8358,2
8359,2
8360,2
8361,2
8362,2
8363,2
8364,2
8365,2
8366,2
8367,2
8368,2
8369,2
8370,2
8466,2
8467,2
8468,2
8470,2
8471,2
8472,2
8473,2
8474,2
8475,2
8476,2
8477,2
8478,2
8479,2
8480,2
8586,2
8587,3
8588,2
8589,2
8590,2
8591,2
8592,2
8593,2
8594,2
8595,2
8596,2
8597,2
8598,2
8599,2
8600,2
8739,2
8740,2
8741,2
8742,2
8743,1
8744,2
8745,2
8746,2
8747,2
8748,2
8749,1
8750,2
8760,2
8761,2
8762,2
8763,2
8764,2
8765,2
8766,2
8767,2
8768,2
8769,2
8770,2
8771,2
8772,2
8773,2
8774,2
8775,2
8776,2
8777,2
8778,2
8779,2
8780,2
8781,2
8782,2
8783,2
8784,2
8785,2
8786,3
8787,3
8832,3
8833,3
8834,3
8835,3
8836,3
8837,3
8838,3
8839,3
8840,3
8841,2
8842,2
8843,2
8844,1
8845,3
8846,3
8847,3
8848,3
8849,3
8850,3
8851,3
8852,3
8853,3
8854,3
8855,2
8856,2
8857,2
8858,3
8859,3
8860,2
8861,2
8862,2
8863,2
8864,1
8865,1
8866,1
8867,1
8868,1
8869,1
8870,1
8871,1
8872,1
8873,2
8874,2
8875,2
8876,2
8877,2
8878,2
8879,2
8880,2
8881,1
8882,1
8883,1
8884,1
8885,1
8886,3
8887,3
8901,1
8902,1
8903,1
8904,1
8905,1
8906,1
8907,1
8908,1
8909,1
8910,1
8911,1
8912,1
8913,1
8914,1
8915,1
8916,2
8917,2
8918,2
8919,2
8920,1
8921,1
8922,1
8923,1
8924,1
8925,1
8926,1
8927,1
8928,1
8929,2
8930,2
8931,2
8932,2
8933,2
8934,1
8935,1
8936,1
8937,1
8938,1
8939,1
8940,1
8941,2
8942,2
8948,2
8949,2
8950,2
8951,2
8952,2
8953,2
8954,2
8955,2
8956,2
8957,2
8958,2
8959,2
8960,2
8961,2
8962,2
8963,2
8964,2
8965,2
8966,2
8967,2
8968,2
8969,2
8970,2
8971,2
8972,2
8973,2
8974,2
8975,2
8976,2
8977,2
8978,2
8979,2
8980,2
8981,2
8982,2
8983,2
8984,2
8985,2
8986,2
8987,2
8988,2
8989,2
8990,2
8991,2
8992,2
8993,2
8994,2
8995,2
8996,3
8997,3
8998,3
8999,2
9000,2
9001,2
9002,2
9003,2
9004,2
9005,2
9006,2
9007,2
9008,2
9009,2
9010,2
9011,2
9012,2
9013,2
9014,2
9015,2
9016,2
9017,2
9018,2
9019,2
9020,2
9021,2
9022,2
9023,2
9024,2
9025,3
9026,3
9027,3
9028,3
9029,3
9030,3
9031,3
9032,3
9033,3
9034,3
9035,3
9036,3
9037,3
9038,3
9039,3
9040,3
9041,3
9042,3
9043,2
9044,2
9045,2
9046,2
9047,2
9048,2
9049,2
9050,2
9051,2
9052,2
9053,2
9054,2
9055,2
9056,2
9057,2
9058,2
9060,2
9061,2
9062,2
9063,2
9064,2
9065,2
9066,2
9067,2
9068,2
9069,2
9070,2
9071,2
9073,2
9074,2
9075,2
9076,2
9077,2
9078,2
9079,2
9080,2
9081,2
9082,2
9083,2
9084,2
9085,2
9086,2
9087,2
9088,2
9089,2
9090,2
9091,2
9092,2
9093,2
9094,2
9095,2
9097,2
9098,2
9099,2
9100,2
9101,2
9102,2
9103,2
9104,2
9105,2
9106,2
9107,2
9109,2
9110,2
9111,2
9112,2
9113,2
9114,2
9115,2
9116,2
9117,2
9118,2
9119,2
9120,2
9121,2
9122,2
9123,2
9124,2
9125,2
9126,2
9127,2
9128,2
9129,2
9130,2
9131,2
9132,2
9133,2
9134,2
9135,2
9136,2
9137,2
9138,2
9139,2
9140,2
9141,2
9144,2
9145,2
9146,2
9147,2
9148,2
9149,2
9152,2
9153,2
9154,2
9155,2
9156,2
9157,2
9159,2
9160,2
9161,2
9176,2
9177,2
9178,2
9179,2
9180,2
9181,2
10084,2
10085,2
10086,2
10087,2
10088,2
10089,2
10090,2
10091,2
10092,2
10093,2
10204,2
10205,2
10206,2
10207,2
10208,2
10209,2
10210,2
10211,2
